CVE,funcname,succeed,false_positive,false_negative,failed_versions,func_not_found,targets,no_sig
CVE-2015-8958,ReadSUNImage,0,,,,,3,true
CVE-2015-8900,ReadHDRImage,3,7.0.1-0;7.0.1-1;7.0.1-2,,,,6,
CVE-2015-8895,AcquireVirtualMemory,3,7.0.1-0;7.0.1-1;7.0.1-2,,,,6,
CVE-2015-8895,RelinquishVirtualMemory,3,7.0.1-0;7.0.1-1;7.0.1-2,,,,6,
CVE-2015-8895,AutoResizeImage,0,,,7.0.1-0;7.0.1-1;7.0.1-2;7.0.5-1;7.0.5-2;7.0.5-3,,6,
CVE-2015-8895,ReadICONImage,3,7.0.1-0;7.0.1-1;7.0.1-2,,,,6,
CVE-2015-8895,WritePICTImage,3,7.0.1-0;7.0.1-1;7.0.1-2,,,,6,
CVE-2015-8896,AcquireVirtualMemory,0,7.0.1-0;7.0.1-1;7.0.1-2,7.1.0-0;7.1.0-1;7.1.0-2,,,6,
CVE-2015-8896,RelinquishVirtualMemory,3,7.0.1-0;7.0.1-1;7.0.1-2,,,,6,
CVE-2015-8896,AutoResizeImage,0,,,7.0.1-0;7.0.1-1;7.0.1-2;7.1.0-0;7.1.0-1;7.1.0-2,,6,
CVE-2015-8896,ReadICONImage,0,7.0.1-0;7.0.1-1;7.0.1-2,7.1.0-0;7.1.0-1;7.1.0-2,,,6,
CVE-2015-8896,WritePICTImage,3,7.0.1-0;7.0.1-1;7.0.1-2,,,,6,
CVE-2016-7515,ReadRLEImage,3,,,,,3,
CVE-2016-7514,ReadPSDImage,3,,,,,3,
CVE-2016-7534,ImportCbYCrYQuantum,0,,,7.0.1-1;7.0.1-2;7.0.1-3,,3,
CVE-2016-7534,GetQuantumExtent,0,,,7.0.1-1;7.0.1-2;7.0.1-3,,3,
CVE-2016-10065,ImportGrayQuantum,3,,,,,3,
CVE-2016-10065,ReadVIFFImage,3,,,,,3,
CVE-2016-5689,ReadDCMImage,6,,,,,6,
CVE-2016-5690,ReadDCMImage,6,,,,,6,
CVE-2016-5691,ReadDCMImage,6,,,,,6,
CVE-2016-10060,ConcatenateImages,0,,,,,6,true
CVE-2016-10060,MagickUsage,0,,,,,6,true
CVE-2016-6491,Get8BIMProperty,6,,,,,6,
CVE-2016-7101,ReadSGIImage,3,7.0.2-1;7.0.2-0;7.0.1-10,,,,6,
CVE-2016-9556,ReadSGIImage,3,7.0.3-8,,,,4,
CVE-2017-9098,ReadRLEImage,3,,7.1.0-0;7.1.0-1;7.1.0-2,,,6,
CVE-2017-9499,ReadMPCImage,3,7.0.5-7,,,,4,
CVE-2017-11523,ReadTXTImage,6,,,,,6,
CVE-2017-15277,ReadGIFImage,4,,,,,4,
CVE-2017-14174,ReadPSDChannel,0,,,7.0.7-0;7.0.7-1;7.0.7-2;7.0.7-3,,4,
CVE-2017-14174,ReadPSDLayersInternal,1,,7.0.7-1;7.0.7-2;7.0.7-3,,,4,
CVE-2017-15032,ReadYCBCRImage,3,7.0.7-2,,,,4,
CVE-2017-15033,ReadYUVImage,3,7.0.7-2,,,,4,
CVE-2019-12974,ReadCAPTIONImage,3,7.0.8-34,,,,4,
CVE-2019-12974,ReadLABELImage,3,7.0.8-34,,,,4,
CVE-2019-12979,SetImageProperty,3,7.0.8-34,,,,4,
CVE-2019-10131,format8BIM,6,,,,,6,
CVE-2018-16643,ReadCALSImage,4,,,,,4,
CVE-2018-16643,ReadDCMImage,3,7.0.8-4,,,,4,
CVE-2018-16643,ReadPICTImage,3,7.0.8-4,,,,4,
CVE-2018-16643,ReadPWPImage,3,7.0.8-4,,,,4,
CVE-2018-16644,ReadDCMImage,3,7.0.8-11,,,,4,
CVE-2018-16645,ReadBMPImage,3,7.0.8-11,,,,4,
CVE-2018-20467,ReadBMPImage,3,7.0.8-15;7.0.8-14;7.0.8-13,,,,6,
CVE-2019-12978,ReadCAPTIONImage,1,,7.0.8-35;7.0.8-36;7.0.8-37,,,4,
CVE-2019-7175,DecodeImage,0,,,7.0.8-24;7.0.8-23;7.0.8-22;7.1.0-0;7.1.0-1;7.1.0-2,,6,
CVE-2019-7395,WritePSDChannel,0,,,,,6,true
CVE-2019-7396,ReadSIXELImage,3,7.0.8-24;7.0.8-23;7.0.8-22,,,,6,
CVE-2019-7398,WriteDIBImage,3,7.0.8-24;7.0.8-23;7.0.8-22,,,,6,
CVE-2019-11470,ReadCINImage,0,,7.0.8-28;7.0.8-29;7.0.8-30,,,3,
CVE-2019-10714,LocaleLowercase,3,7.0.8-30;7.0.8-29,,7.0.8-31,,6,
CVE-2019-10714,LocaleUppercase,1,,,7.0.8-30;7.0.8-29;7.1.0-0;7.1.0-1;7.1.0-2,,6,
CVE-2019-12975,WriteDPXImage,2,,7.0.8-36;7.0.8-37,,,4,
CVE-2019-12976,ReadPCLImage,0,,,7.0.8-34;7.0.8-35;7.0.8-36;7.0.8-37,,4,
CVE-2019-10649,SVGEndElement,3,,,,,3,
CVE-2019-10650,WriteTIFFImage,3,,,,,3,
CVE-2019-16711,WritePS2Image,1,,7.0.8-41;7.0.8-42;7.0.8-43,,,4,
CVE-2019-11472,ReadXWDImage,0,,7.0.8-41;7.0.8-42;7.0.8-43,,,3,
CVE-2019-14981,MeanShiftImage,0,,,,,6,true
CVE-2019-15139,ReadXWDImage,3,,,,,3,
CVE-2019-15139,RegisterXWDImage,0,,,7.0.8-42;7.0.8-43;7.0.8-44,,3,
CVE-2019-19949,Magick_png_write_raw_profile,6,,,,,6,
CVE-2019-13133,ReadBMPImage,0,,,7.0.8-49;7.0.8-48;7.0.8-47;7.1.0-0;7.1.0-1;7.1.0-2,,6,
CVE-2019-13133,ReadVIFFImage,3,,,7.1.0-0;7.1.0-1;7.1.0-2,,6,
CVE-2019-13134,ReadBMPImage,0,,,7.0.8-49;7.0.8-48;7.0.8-47;7.1.0-0;7.1.0-1;7.1.0-2,,6,
CVE-2019-13134,ReadVIFFImage,3,,,7.1.0-0;7.1.0-1;7.1.0-2,,6,
CVE-2019-13136,TIFFSeekCustomStream,3,,7.1.0-0;7.1.0-1;7.1.0-2,,,6,
CVE-2019-13137,ReadPSImage,3,7.0.8-49;7.0.8-48;7.0.8-47,,,,6,
CVE-2019-13307,AcquirePixelThreadSet,0,,,,,3,true
CVE-2019-17541,ReadICCProfile,3,,,7.1.0-0;7.1.0-1;7.1.0-2,,6,
CVE-2019-17547,TraceBezier,0,,,7.0.8-61;7.0.8-60;7.0.8-59;7.1.0-0;7.1.0-1;7.1.0-2,,6,
CVE-2020-27750,PixelSyncIterator,0,,,,,6,true
CVE-2020-27762,WriteHDRImage,0,,,7.0.8-67;7.0.8-66;7.0.8-65;7.1.0-0;7.1.0-1;7.1.0-2,,6,
CVE-2020-25664,WriteOnePNGImage,4,,7.0.9-0;7.0.9-1,,,6,
CVE-2020-25665,WritePALMImage,0,,,,,6,true
CVE-2020-25674,WriteOnePNGImage,3,7.0.8-67;7.0.8-66;7.0.8-65,,,,6,
CVE-2020-27760,GammaImage,0,,,,,6,true
CVE-2020-27760,LevelPixel,0,,,,,6,true
CVE-2020-27763,AcquireResizeFilter,3,7.0.8-67;7.0.8-66;7.0.8-65,,,,6,
CVE-2020-27758,ReadTXTImage,0,,,7.0.8-67;7.0.8-66;7.0.8-65;7.1.0-0;7.1.0-1;7.1.0-2,,6,
CVE-2020-27770,SubstituteString,0,,,7.0.8-67;7.0.8-66;7.0.8-65;7.1.0-0;7.1.0-1;7.1.0-2,,6,
CVE-2020-25663,SetImageAlphaChannel,0,,,,,6,true
CVE-2020-27756,ParseMetaGeometry,0,,,,,6,true
CVE-2020-27751,SetQuantumDepth,6,,,,,6,
CVE-2020-27761,WritePALMImage,0,,,7.0.8-68;7.0.8-67;7.0.8-66;7.1.0-0;7.1.0-1;7.1.0-2,,6,
CVE-2020-25675,CropImageToTiles,6,,,,,6,
CVE-2020-25676,InterpolatePixelChannel,3,7.0.8-68;7.0.8-67;7.0.8-66,,,,6,
CVE-2020-25676,InterpolatePixelChannels,3,7.0.8-68;7.0.8-67;7.0.8-66,,,,6,
CVE-2020-25676,InterpolatePixelInfo,3,7.0.8-68;7.0.8-67;7.0.8-66,,,,6,
CVE-2020-27765,OptimalTau,6,,,,,6,
CVE-2020-27775,ApplyEvaluateOperator,0,,,7.0.8-68;7.0.8-67;7.0.8-66;7.1.0-0;7.1.0-1;7.1.0-2,,6,
CVE-2020-27774,ApplyEvaluateOperator,3,,7.1.0-0;7.1.0-1;7.1.0-2,,,6,
CVE-2020-27769,PosterizeImage,0,,,,,6,true
CVE-2020-25666,HistogramCompare,0,,,7.0.8-68;7.0.8-67;7.0.8-66;7.1.0-0;7.1.0-1;7.1.0-2,,6,
CVE-2020-25667,TIFFGetProfiles,6,,,,,6,
CVE-2020-27772,WriteBMPImage,6,,,,,6,
CVE-2020-27752,WriteOnePNGImage,4,7.0.8-67;7.0.8-66,,,,6,
CVE-2020-27753,PushRunlengthPacket,6,,,,,6,
CVE-2020-27753,ReadMIFFImage,0,,,7.0.8-68;7.0.8-67;7.0.8-66;7.1.0-0;7.1.0-1;7.1.0-2,,6,
CVE-2020-27753,PopRunlengthPacket,3,,,7.1.0-0;7.1.0-1;7.1.0-2,,6,
CVE-2020-27753,WriteMIFFImage,0,,,7.0.8-68;7.0.8-67;7.0.8-66;7.1.0-0;7.1.0-1;7.1.0-2,,6,
CVE-2020-27755,SetImageExtent,3,,7.1.0-0;7.1.0-1;7.1.0-2,,,6,
CVE-2019-18853,ReadSVGImage,3,,,7.0.8-68;7.0.8-67;7.0.8-66,,6,
CVE-2020-19667,ReadXPMImage,3,7.0.10-7,,,,4,
CVE-2021-3596,ReadSVGImage,3,7.0.10-30;7.0.10-29;7.0.10-28,,,,6,
CVE-2020-27560,OptimizeLayerFrames,4,,,,,4,
CVE-2020-27829,ReadTIFFImage,0,,,,,6,true
CVE-2022-48541,AnimateImageCommand,3,7.0.10-45,,,,4,
CVE-2022-48541,CompareImagesCommand,3,7.0.10-45,,,,4,
CVE-2022-48541,CompositeImageCommand,3,7.0.10-45,,,,4,
CVE-2022-48541,ConjureImageCommand,3,7.0.10-45,,,,4,
CVE-2022-48541,ConvertImageCommand,3,7.0.10-45,,,,4,
CVE-2022-48541,DisplayImageCommand,3,7.0.10-45,,,,4,
CVE-2022-48541,IdentifyImageCommand,3,7.0.10-45,,,,4,
CVE-2022-48541,ImportImageCommand,3,7.0.10-45,,,,4,
CVE-2022-48541,MogrifyImageCommand,3,7.0.10-45,,,,4,
CVE-2022-48541,MontageImageCommand,3,7.0.10-45,,,,4,
CVE-2022-48541,StreamImageCommand,3,7.0.10-45,,,,4,
CVE-2021-20176,GenerateDifferentialNoise,3,7.0.10-55;7.0.10-54,,7.0.10-53,,6,
CVE-2021-20244,ImplodeImage,6,,,,,6,
CVE-2021-20246,ScaleResampleFilter,3,7.0.10-61;7.0.10-60;7.0.10-59,,,,6,
CVE-2021-20311,EncipherAESBlock,6,,,,,6,
CVE-2021-20311,PasskeyDecipherImage,0,,,7.0.10-62;7.0.10-61;7.0.10-60;7.0.11-2;7.0.11-3;7.0.11-4,,6,
CVE-2021-20311,PasskeyEncipherImage,0,,,7.0.10-62;7.0.10-61;7.0.10-60;7.0.11-2;7.0.11-3;7.0.11-4,,6,
CVE-2021-20311,sRGBTransformImage,1,7.0.10-62,,7.0.10-61;7.0.10-60;7.0.11-3;7.0.11-4,,6,
CVE-2021-20311,TransformsRGBImage,3,7.0.10-62;7.0.10-61;7.0.10-60,,,,6,
CVE-2021-20311,WriteTHUMBNAILImage,6,,,,,6,
CVE-2021-20312,EncipherAESBlock,6,,,,,6,
CVE-2021-20312,PasskeyDecipherImage,0,,,7.0.10-62;7.0.10-61;7.0.10-60;7.0.11-2;7.0.11-3;7.0.11-4,,6,
CVE-2021-20312,PasskeyEncipherImage,0,,,7.0.10-62;7.0.10-61;7.0.10-60;7.0.11-2;7.0.11-3;7.0.11-4,,6,
CVE-2021-20312,sRGBTransformImage,1,7.0.10-62,,7.0.10-61;7.0.10-60;7.0.11-3;7.0.11-4,,6,
CVE-2021-20312,TransformsRGBImage,3,7.0.10-62;7.0.10-61;7.0.10-60,,,,6,
CVE-2021-20312,WriteTHUMBNAILImage,6,,,,,6,
CVE-2021-20313,EncipherAESBlock,6,,,,,6,
CVE-2021-20313,PasskeyDecipherImage,0,,,7.0.10-62;7.0.10-61;7.0.10-60;7.0.11-2;7.0.11-3;7.0.11-4,,6,
CVE-2021-20313,PasskeyEncipherImage,0,,,7.0.10-62;7.0.10-61;7.0.10-60;7.0.11-2;7.0.11-3;7.0.11-4,,6,
CVE-2021-20313,sRGBTransformImage,1,7.0.10-62,,7.0.10-61;7.0.10-60;7.0.11-3;7.0.11-4,,6,
CVE-2021-20313,TransformsRGBImage,3,7.0.10-62;7.0.10-61;7.0.10-60,,,,6,
CVE-2021-20313,WriteTHUMBNAILImage,6,,,,,6,
CVE-2021-20309,WaveImage,6,,,,,6,
CVE-2021-20310,ConvertXYZToJzazbz,3,7.0.10-62;7.0.10-61;7.0.10-60,,,,6,
CVE-2021-3574,ReadTIFFImage,1,,7.0.11-8;7.0.11-9;7.0.11-10,,,4,
CVE-2021-3610,ReadTIFFImage,3,,,7.0.11-14;7.1.0-0;7.1.0-1,,6,
CVE-2023-34153,ReadVIDEOImage,0,,,,,6,true
CVE-2023-34153,IsVIDEO,0,,,,,6,true
CVE-2023-3195,ReadTIFFImage,0,,,7.1.1-0;7.1.1-1;7.1.1-2;7.1.1-3;7.1.1-4,,5,
CVE-2021-3962,ReadDCMImage,0,,,7.1.0-14;7.1.0-15;7.1.0-16;7.1.0-17,,4,
CVE-2022-0284,WritePICONImage,3,,,7.1.0-19;7.1.0-18;7.1.0-17,,6,
CVE-2022-32545,ReadPSDChannelPixels,0,,,7.1.0-27;7.1.0-26;7.1.0-25;7.1.0-28;7.1.0-29;7.1.0-30,,6,
CVE-2022-1115,ReadTIFFImage,6,,,,,6,
CVE-2022-32546,ReadPCLImage,6,,,,,6,
CVE-2022-28463,ReadCINImage,4,,,,,4,
CVE-2022-32547,GetEXIFProperty,3,7.1.0-29;7.1.0-28;7.1.0-27,,,,6,
CVE-2022-3213,ReadTIFFImage,6,,,,,6,
CVE-2023-1289,DrawPrimitive,0,7.1.0-62;7.1.0-61;7.1.0-60,,7.1.1-0;7.1.1-1;7.1.1-2,,6,
CVE-2023-1906,ReadTIFFImage,1,,7.1.1-6;7.1.1-7;7.1.1-8,,,4,
CVE-2023-34151,AnnotateImage,3,,7.1.1-12,7.1.1-11;7.1.1-13,,6,
CVE-2023-34151,FormatMagickCaption,3,7.1.1-10,,7.1.1-12;7.1.1-13,,6,
CVE-2023-34151,RenderMVGContent,0,,,7.1.1-10;7.1.1-1;7.1.1-0;7.1.1-11;7.1.1-12;7.1.1-13,,6,
CVE-2023-34151,ParseMetaGeometry,5,7.1.1-10,,,,6,
CVE-2023-34151,ShearRotateImage,5,7.1.1-10,,,,6,
CVE-2023-34151,ShadowImage,5,7.1.1-10,,,,6,
CVE-2023-34151,ReadCAPTIONImage,5,7.1.1-10,,,,6,
CVE-2023-34151,ReadLABELImage,2,7.1.1-10,7.1.1-11;7.1.1-12;7.1.1-13,,,6,
CVE-2023-34151,ReadPCLImage,2,7.1.1-10,,7.1.1-11;7.1.1-12;7.1.1-13,,6,
CVE-2023-34151,WritePDFImage,5,7.1.1-10,,,,6,
CVE-2023-34151,WritePSImage,5,7.1.1-10,,,,6,
CVE-2023-34151,WritePS2Image,5,7.1.1-10,,,,6,
CVE-2023-34151,WritePS3Image,5,7.1.1-10,,,,6,
CVE-2023-34151,SVGStartElement,5,7.1.1-10,,,,6,
CVE-2023-34152,OpenBlob,0,,,,,6,true
CVE-2023-3428,ReadTIFFImage,2,,,7.1.1-1;7.1.1-13;7.1.1-14;7.1.1-15,,6,
CVE-2023-5341,ReadBMPImage,5,7.1.1-19,,,,6,
CVE-2023-34474,ReadTIM2ImageData,3,,7.1.1-10;7.1.1-11;7.1.1-12,,,6,
CVE-2023-34474,ReplaceXmpValue,3,,7.1.1-10;7.1.1-11;7.1.1-12,,,6,
CVE-2023-34475,ReadTIM2ImageData,3,,7.1.1-10;7.1.1-11;7.1.1-12,,,6,
CVE-2023-34475,ReplaceXmpValue,3,,7.1.1-10;7.1.1-11;7.1.1-12,,,6,
