cve,funcname,succeed,false_positive,false_negative,failed_versions,too_much_diff,cant_tell,no_diff,func_not_found,targets
CVE-2017-2629,allocate_conn,0,,,,,,,7.52.1;7.52.0;7.51.0;7.53.0;7.53.1;7.54.0,6
CVE-2013-1944,tailmatch,0,,,,,7.30.0;7.31.0;7.32.0,,7.29.0,4
CVE-2018-16840,Curl_close,0,,,,,7.61.1;7.61.0;7.60.0;7.62.0;7.63.0;7.64.0,,,6
CVE-2018-1000301,Curl_http_readwrite_headers,0,,,,7.59.0;7.58.0;7.57.0;7.60.0;7.61.0;7.61.1,,,,6
CVE-2016-9586,dprintf_formatf,0,,,,7.51.0;7.50.3;7.50.2;7.52.0;7.52.1;7.53.0,,,,6
CVE-2017-9502,parseurlandfillconn,0,,,,,,,7.54.0;7.53.1;7.53.0;7.54.1;7.55.0;7.55.1,6
CVE-2017-7407,ourWriteOut,0,,,,,7.53.1;7.54.0;7.54.1;7.55.0,,,4
CVE-2018-16839,Curl_auth_create_plain_message,0,,,,,7.61.1;7.61.0;7.60.0;7.62.0;7.63.0;7.64.0,,,6
CVE-2018-1000300,Curl_pp_readresp,3,7.59.0;7.58.0;7.57.0,,,,,,,6
CVE-2023-46219,Curl_fopen,0,8.4.0;8.2.1;8.2.0,,,,8.5.0;8.6.0;8.7.1,,,6
CVE-2016-8621,parsedate,0,,,,,,,7.50.3;7.50.2;7.50.1;7.51.0;7.52.0;7.52.1,6
CVE-2018-0500,Curl_smtp_escape_eob,0,,,,,7.60.0;7.59.0;7.58.0;7.61.0;7.61.1;7.62.0,,,6
CVE-2013-0249,Curl_sasl_create_digest_md5_message,3,,,,,,,,3
CVE-2014-0015,ConnectionExists,0,,,,,,,7.34.0;7.33.0;7.32.0;7.35.0;7.36.0;7.37.0,6
CVE-2020-8169,override_login,0,,,,,,,7.70.0;7.69.1;7.69.0;7.71.0;7.71.1;7.72.0,6
CVE-2017-8817,setcharset,0,,,,,,,7.56.1;7.56.0;7.55.1;7.57.0;7.58.0;7.59.0,6
CVE-2021-22898,suboption,0,,,,,7.76.1;7.76.0;7.75.0;7.77.0;7.78.0;7.79.0,,,6
CVE-2019-5482,tftp_connect,0,,7.66.0;7.67.0;7.68.0,,,7.65.3;7.65.2;7.65.1,,,6
CVE-2016-8624,parseurlandfillconn,0,,,,,,,7.50.3;7.50.2;7.50.1;7.51.0;7.52.0;7.52.1,6
CVE-2016-8618,alloc_addbyter,0,,,,,7.50.3;7.50.2;7.50.1;7.51.0;7.52.0;7.52.1,,,6
CVE-2023-46218,Curl_cookie_add,0,,,,8.4.0;8.2.1;8.2.0;8.5.0;8.6.0;8.7.1,,,,6
CVE-2016-8617,base64_encode,0,,,,,,,7.50.3;7.50.2;7.50.1;7.51.0;7.52.0;7.52.1,6
CVE-2017-1000101,glob_range,0,,,,,,,7.55.0;7.54.1;7.54.0;7.55.1;7.56.0;7.56.1,6
CVE-2016-9594,randit,0,,,,,,,7.52.0;7.51.0;7.50.3;7.52.1;7.53.0;7.53.1,6
CVE-2018-1000122,readwrite_data,0,,,,,,,7.58.0;7.57.0;7.56.1;7.59.0;7.60.0;7.61.0,6
CVE-2018-16842,voutf,0,,,,,7.61.1;7.61.0;7.60.0;7.62.0;7.63.0;7.64.0,,,6
CVE-2022-42916,parseurlandfillconn,0,,,,,,,7.85.0;7.84.0;7.83.1;7.86.0;7.87.0;7.88.0,6
CVE-2022-42916,create_conn,0,,,,,,,7.85.0;7.84.0;7.83.1;7.86.0;7.87.0;7.88.0,6
CVE-2022-42915,Curl_connect_done,0,,,,,7.85.0;7.84.0;7.83.1;7.86.0,,7.87.0;7.88.0,6
CVE-2022-42915,conn_shutdown,0,,,,,,,7.85.0;7.84.0;7.83.1;7.86.0;7.87.0;7.88.0,6
CVE-2020-8284,config_init,0,,,,,7.73.0;7.72.0;7.71.1;7.74.0;7.75.0;7.76.0,,,6
CVE-2020-8284,Curl_init_userdefined,0,,,,,7.73.0;7.72.0;7.71.1;7.74.0;7.75.0;7.76.0,,,6
CVE-2020-8177,tool_header_cb,0,,,,,7.70.0;7.69.1;7.69.0;7.71.0;7.71.1;7.72.0,,,6
CVE-2020-8177,getparameter,0,,,,7.70.0;7.69.1;7.69.0;7.71.0;7.71.1;7.72.0,,,,6
CVE-2019-5435,seturl,3,7.64.1;7.64.0;7.63.0,,,,,,,6
CVE-2019-5435,Curl_setstropt,0,,,,,7.64.1;7.64.0;7.63.0;7.65.0;7.65.1;7.65.2,,,6
CVE-2019-5435,curl_url_set,2,,,,7.64.1;7.65.0;7.65.1;7.65.2,,,,6
CVE-2018-1000007,Curl_vsetopt,0,,,,7.58.0;7.59.0;7.60.0,,,7.57.0;7.56.1;7.56.0,6
CVE-2018-1000007,Curl_add_custom_headers,3,,7.58.0;7.59.0;7.60.0,,,,,,6
CVE-2018-1000007,Curl_http_output_auth,3,,7.58.0;7.59.0;7.60.0,,,,7.57.0;7.56.1;7.56.0;7.58.0;7.59.0;7.60.0,,6
CVE-2018-1000120,ftp_done,0,,,,,7.58.0;7.57.0;7.56.1;7.59.0;7.60.0;7.61.0,,,6
CVE-2018-1000120,ftp_parse_url_path,0,,,,,7.58.0;7.57.0;7.56.1;7.59.0;7.60.0;7.61.0,,,6
CVE-2018-1000120,ftp_state_list,0,,,,,,,7.58.0;7.57.0;7.56.1;7.59.0;7.60.0;7.61.0,6
CVE-2017-8818,allocate_conn,0,,,,,,,7.56.1;7.56.0;7.57.0;7.58.0;7.59.0,5
CVE-2017-8816,Curl_ntlm_core_mk_ntlmv2_hash,0,,,,,7.56.1;7.56.0;7.55.1;7.57.0;7.58.0;7.59.0,,,6
CVE-2016-8625,curl_version,0,,,,,7.50.3;7.50.2;7.50.1;7.51.0;7.52.0;7.52.1,,,6
CVE-2016-8625,create_conn,0,,,,,,,7.50.3;7.50.2;7.50.1;7.51.0;7.52.0;7.52.1,6
CVE-2016-8625,curl_version_info,0,,,,,7.50.3;7.50.2;7.50.1;7.51.0;7.52.0;7.52.1,,,6
CVE-2016-8625,fix_hostname,0,,,,,,,7.50.3;7.50.2;7.50.1;7.51.0;7.52.0;7.52.1,6
CVE-2016-8625,global_init,0,,,,,,,7.50.3;7.50.2;7.50.1;7.51.0;7.52.0;7.52.1,6
CVE-2016-8625,Curl_idn_strerror,0,,,7.50.3;7.50.2;7.50.1;7.51.0;7.52.0;7.52.1,,,,,6
CVE-2016-8625,idna_init,0,,,7.50.3;7.50.2;7.50.1;7.51.0;7.52.0;7.52.1,,,,,6
CVE-2016-8625,tld_check_name,0,,,7.50.3;7.50.2;7.50.1;7.51.0;7.52.0;7.52.1,,,,,6
CVE-2016-8623,Curl_cookie_clearall,0,,,,,7.50.3;7.50.2;7.50.1;7.51.0;7.52.0;7.52.1,,,6
CVE-2016-8623,Curl_cookie_getlist,3,,7.51.0;7.52.0;7.52.1,,,,,,6
CVE-2016-8623,Curl_cookie_cleanup,0,,,,,7.50.3;7.50.2;7.50.1;7.51.0;7.52.0;7.52.1,,,6
CVE-2016-8623,Curl_http,0,,,,7.50.3;7.50.2;7.50.1;7.51.0;7.52.0;7.52.1,,,,6
CVE-2016-8623,dup_cookie,0,,,7.50.3;7.50.2;7.50.1;7.51.0;7.52.0;7.52.1,,,,,6
