cve,funcname,succeed,tp,tn,false_positive,false_negative,failed_versions,too_much_diff,cant_tell,no_diff,func_not_found,targets
CVE-2012-5134,xmlParseAttValueComplex,0,0,0,,,,,,,2.9.0;2.8.0;2.8.0-rc2;2.9.1;2.9.2-rc1;2.9.2-rc2,6
CVE-2013-0338,xmlStringLenDecodeEntities__internal_alias,0,0,0,,,,2.9.0;2.8.0;2.8.0-rc2;2.9.1;2.9.2-rc1;2.9.2-rc2,,,,6
CVE-2013-0338,xmlCtxtReset__internal_alias,0,0,0,,,,2.9.0;2.8.0;2.8.0-rc2;2.9.1;2.9.2-rc1;2.9.2-rc2,,,,6
CVE-2013-0338,xmlParserEntityCheck,0,0,0,2.8.0;2.8.0-rc2,,,,2.9.0;2.9.1;2.9.2-rc1;2.9.2-rc2,,,6
CVE-2013-0338,xmlInitParserCtxt__internal_alias,0,0,0,,,,2.9.0;2.8.0;2.8.0-rc2;2.9.1;2.9.2-rc1;2.9.2-rc2,,,,6
CVE-2013-0338,xmlParseReference__internal_alias,0,0,0,,,,2.9.0;2.8.0;2.8.0-rc2;2.9.1;2.9.2-rc1;2.9.2-rc2,,,,6
CVE-2013-0339,xmlParseReference__internal_alias,0,0,0,,,,2.9.0-rc2;2.9.0;2.8.0;2.9.2-rc1;2.9.2-rc2;2.9.2,,,,6
CVE-2013-1969,htmlParseChunk__internal_alias,0,0,0,,,,2.9.0;2.9.1;2.9.2-rc1;2.9.2-rc2,,,,4
CVE-2014-3660,xmlParseReference__internal_alias,0,0,0,,,,2.9.1;2.9.0;2.9.0-rc2;2.9.3;2.9.4;2.9.5-rc1,,,,6
CVE-2015-5312,xmlStringLenDecodeEntities__internal_alias,0,0,0,,,,2.9.2;2.9.1;2.9.0;2.9.4;2.9.5-rc1;2.9.5-rc2,,,,6
CVE-2015-7497,xmlDictComputeFastQKey,0,0,0,,,,,2.9.2;2.9.1;2.9.0;2.9.4;2.9.5-rc1;2.9.5-rc2,,,6
CVE-2015-7498,xmlParseXMLDecl__internal_alias,0,0,0,,,,2.9.2;2.9.1;2.9.0;2.9.3;2.9.4;2.9.5-rc1,,,,6
CVE-2015-7498,xmlParseDocument__internal_alias,0,0,0,,,,2.9.2;2.9.1;2.9.0;2.9.3;2.9.4;2.9.5-rc1,,,,6
CVE-2015-7498,xmlSwitchEncoding__internal_alias,0,0,0,,,,2.9.2;2.9.1;2.9.0;2.9.3;2.9.4;2.9.5-rc1,,,,6
CVE-2015-7499,xmlHaltParser,0,0,0,,,2.9.2;2.9.1;2.9.0;2.9.4;2.9.5-rc1;2.9.5-rc2,,,,,6
CVE-2015-7499,xmlStopParser__internal_alias,0,0,0,,,,,2.9.2;2.9.1;2.9.0;2.9.4;2.9.5-rc1;2.9.5-rc2,,,6
CVE-2015-7500,xmlParseStartTag2,0,0,0,,,,2.9.2;2.9.1;2.9.0;2.9.4;2.9.5-rc1;2.9.5-rc2,,,,6
CVE-2015-7941,xmlParseConditionalSections,0,0,0,,,,2.9.2;2.9.3;2.9.4;2.9.5-rc1,,,,4
CVE-2015-8241,xmlParseMarkupDecl__internal_alias,0,0,0,,,,,2.9.2;2.9.1;2.9.0;2.9.3;2.9.4;2.9.5-rc1,,,6
CVE-2015-8242,htmlParseTryOrFinish,0,0,0,,,,,,,2.9.2;2.9.1;2.9.0;2.9.4;2.9.5-rc1;2.9.5-rc2,6
CVE-2015-8317,xmlParseEncodingDecl__internal_alias,0,0,0,,,,2.9.2;2.9.1;2.9.0;2.9.3;2.9.4;2.9.5-rc1,,,,6
CVE-2015-8710,htmlParseComment,0,0,0,,,,2.9.2;2.9.2-rc2;2.9.2-rc1;2.9.3;2.9.4;2.9.5-rc1,,,,6
CVE-2016-1762,xmlParseInternalSubset,0,0,0,,,,,2.9.3;2.9.2;2.9.2-rc2;2.9.4;2.9.5-rc1;2.9.5-rc2,,,6
CVE-2016-1833,xmlNextChar__internal_alias,0,0,0,,,,2.9.3;2.9.2;2.9.2-rc2;2.9.5-rc1;2.9.5-rc2;2.9.5,,,,6
CVE-2016-1834,xmlStrncatNew__internal_alias,0,0,0,,,,,2.9.3;2.9.2;2.9.2-rc2;2.9.4;2.9.5-rc1;2.9.5-rc2,,,6
CVE-2016-1834,xmlStrncat__internal_alias,0,0,0,,,,,2.9.3;2.9.2;2.9.2-rc2;2.9.4;2.9.5-rc1;2.9.5-rc2,,,6
CVE-2016-1836,xmlParseNCNameComplex,0,0,0,,,,,,,2.9.3;2.9.2;2.9.2-rc2;2.9.5-rc1;2.9.5-rc2;2.9.5,6
CVE-2016-1837,htmlParseSystemLiteral,0,0,0,,,,,2.9.3;2.9.2;2.9.2-rc2;2.9.5-rc1;2.9.5-rc2;2.9.5,,,6
CVE-2016-1838,xmlParseEndTag2,0,0,0,,,,2.9.4;2.9.3;2.9.2;2.9.5-rc1;2.9.5-rc2;2.9.5,,,,6
CVE-2016-1840,xmlFAParseCharRange,0,0,0,,,,,,,2.9.3;2.9.2;2.9.2-rc2;2.9.5-rc1;2.9.5-rc2;2.9.5,6
CVE-2016-4449,xmlStringLenDecodeEntities__internal_alias,0,0,0,,,,2.9.3;2.9.2;2.9.2-rc2;2.9.5-rc1;2.9.5-rc2;2.9.5,,,,6
CVE-2016-4483,xmlBufAttrSerializeTxtContent,0,0,0,,,,2.9.3;2.9.2;2.9.2-rc2;2.9.5-rc1;2.9.5-rc2;2.9.5,,,,6
CVE-2016-4658,xmlXPtrNewCollapsedRange__internal_alias,0,0,0,,,,,2.9.4;2.9.3;2.9.2;2.9.5-rc1;2.9.5-rc2;2.9.5,,,6
CVE-2016-4658,xmlXPtrNewRangeNodeObject__internal_alias,3,0,3,,2.9.5-rc1;2.9.5-rc2;2.9.5,,,,,,6
CVE-2016-4658,xmlXPtrNewRangeNodes__internal_alias,0,0,0,,,,,2.9.4;2.9.3;2.9.2;2.9.5-rc1;2.9.5-rc2;2.9.5,,,6
CVE-2016-4658,xmlXPtrNewRangePoints,0,0,0,,,2.9.4;2.9.3;2.9.2;2.9.5-rc1;2.9.5-rc2;2.9.5,,,,,6
CVE-2016-4658,xmlXPtrNewRangePointNode__internal_alias,0,0,0,,,,,2.9.4;2.9.3;2.9.2;2.9.5-rc1;2.9.5-rc2;2.9.5,,,6
CVE-2016-4658,xmlXPtrNewRangeNodePoint__internal_alias,0,0,0,,,,,2.9.4;2.9.3;2.9.2;2.9.5-rc1;2.9.5-rc2;2.9.5,,,6
CVE-2016-4658,xmlXPtrNewRange__internal_alias,0,0,0,,,,,2.9.4;2.9.3;2.9.2;2.9.5-rc1;2.9.5-rc2;2.9.5,,,6
CVE-2016-4658,xmlXPtrNewRangeInternal,0,0,0,,,2.9.4;2.9.3;2.9.2;2.9.5-rc1;2.9.5-rc2;2.9.5,,,,,6
CVE-2017-16931,xmlParseNameComplex,0,0,0,,,,,,,2.9.4;2.9.3;2.9.2;2.9.5-rc1;2.9.5-rc2;2.9.5,6
CVE-2017-16932,xmlPushInput__internal_alias,3,0,3,,2.9.5-rc1;2.9.5-rc2;2.9.5,,,,,,6
CVE-2017-16932,xmlParsePEReference__internal_alias,0,0,0,,,,2.9.4;2.9.3;2.9.2;2.9.5-rc1;2.9.5-rc2;2.9.5,,,,6
CVE-2017-5130,xmlReallocLoc__internal_alias,0,0,0,,,,,2.9.4;2.9.3;2.9.2;2.9.5-rc1;2.9.5-rc2;2.9.5,,,6
CVE-2017-5130,xmlMallocLoc__internal_alias,3,0,3,,2.9.5-rc1;2.9.5-rc2;2.9.5,,,,,,6
CVE-2017-5130,xmlMemStrdupLoc__internal_alias,3,0,3,,2.9.5-rc1;2.9.5-rc2;2.9.5,,,,,,6
CVE-2017-7375,xmlParsePEReference__internal_alias,0,0,0,,,,2.9.4;2.9.3;2.9.2;2.9.5-rc1;2.9.5-rc2;2.9.5,,,,6
CVE-2018-14404,xmlXPathCompOpEval,0,0,0,,,,2.9.8;2.9.7;2.9.7-rc1;2.9.9-rc1;2.9.9-rc2;2.9.9,,,,6
CVE-2019-19956,xmlParseBalancedChunkMemoryRecover__internal_alias,0,0,0,,,,2.9.9;2.9.9-rc2;2.9.9-rc1;2.9.10-rc1;2.9.10;2.9.11,,,,6
CVE-2020-7595,xmlStringLenDecodeEntities,0,0,0,,,2.9.10;2.9.11;2.9.12;2.9.13,,,,,4
CVE-2022-23308,xmlAddRef__internal_alias,0,0,0,,,,,2.9.11;2.9.12;2.9.10;2.9.13;2.9.14,,2.10.0,6
CVE-2022-23308,xmlRemoveID__internal_alias,0,0,0,,,,,2.9.11;2.9.12;2.9.10;2.9.13;2.9.14,,2.10.0,6
CVE-2022-23308,xmlAddID__internal_alias,0,0,0,,,,2.9.11;2.9.12;2.9.10;2.9.13;2.9.14,,,2.10.0,6
CVE-2022-23308,xmlValidCtxtNormalizeAttributeValue__internal_alias,0,0,0,,,,2.9.11;2.9.12;2.9.10;2.9.13;2.9.14,,,2.10.0,6
CVE-2022-23308,xmlValidNormalizeAttributeValue__internal_alias,0,0,0,,,,2.9.11;2.9.12;2.9.10;2.9.13;2.9.14,,,2.10.0,6
CVE-2022-23308,xmlIsStreaming,0,0,0,,,2.9.11;2.9.12;2.9.10;2.9.13;2.9.14;2.10.0,,,,,6
CVE-2022-23308,xmlValidNormalizeString,0,0,0,,,2.9.11;2.9.12;2.9.10;2.9.13;2.9.14;2.10.0,,,,,6
CVE-2022-29824,xmlBufAdd,0,0,0,,,,,2.9.13;2.9.11;2.9.12;2.10.0;2.10.1;2.10.2,,,6
CVE-2022-29824,xmlBufferCreateSize__internal_alias,3,0,3,,,,,,,2.10.0;2.10.1;2.10.2,6
CVE-2022-29824,xmlBufferCreateStatic__internal_alias,0,0,0,,,,,2.9.13;2.9.11;2.9.12,,2.10.0;2.10.1;2.10.2,6
CVE-2022-29824,xmlBufferResize__internal_alias,3,0,3,,,,,,2.9.13;2.9.11;2.9.12,2.10.0;2.10.1;2.10.2,6
CVE-2022-29824,xmlBufCreateSize,0,0,0,,,,,2.9.13;2.9.11;2.9.12;2.10.0;2.10.1;2.10.2,,,6
CVE-2022-29824,xmlBufGrowInternal,0,0,0,,,,2.9.13;2.9.11;2.9.12,,,2.10.0;2.10.1;2.10.2,6
CVE-2022-29824,xmlBufResize,0,0,0,,,,2.9.13;2.9.11;2.9.12;2.10.0;2.10.1;2.10.2,,,,6
CVE-2022-29824,xmlBufCCat,0,0,0,,,,,2.9.13;2.9.11;2.9.12;2.10.0;2.10.1;2.10.2,,,6
CVE-2022-29824,xmlBufferGrow__internal_alias,0,0,0,,,,,2.9.13;2.9.11;2.9.12,,2.10.0;2.10.1;2.10.2,6
CVE-2022-29824,xmlBufferCCat__internal_alias,0,0,0,,,,,2.9.13;2.9.11;2.9.12,,2.10.0;2.10.1;2.10.2,6
CVE-2022-40303,xmlParseCDSect,0,0,0,,,,2.10.2;2.10.1;2.10.0;2.10.4;2.11.0;2.11.1,,,,6
CVE-2022-40303,xmlParseStringName,0,0,0,,,,2.10.2;2.10.1;2.10.0;2.10.4;2.11.0;2.11.1,,,,6
CVE-2022-40303,xmlParseEntityValue,0,0,0,,,,2.10.2;2.10.1;2.10.0;2.10.4;2.11.0;2.11.1,,,,6
CVE-2022-40303,xmlParseNCNameComplex,0,0,0,,,,,,,2.10.2;2.10.1;2.10.0;2.10.4;2.11.0;2.11.1,6
CVE-2022-40303,xmlParseNameComplex,0,0,0,,,,,,,2.10.2;2.10.1;2.10.0;2.10.4;2.11.0;2.11.1,6
CVE-2022-40303,xmlParseSystemLiteral,0,0,0,,,,2.10.2;2.10.1;2.10.0;2.10.4;2.11.0;2.11.1,,,,6
CVE-2022-40303,xmlFatalErr,0,0,0,,,,2.10.2;2.10.1;2.10.0;2.10.4;2.11.0;2.11.1,,,,6
CVE-2022-40303,xmlParseAttValueInternal,0,0,0,,,,2.10.2;2.10.1;2.10.0;2.10.4;2.11.0;2.11.1,,,,6
CVE-2022-40303,xmlParseAttValueComplex,0,0,0,,,,,,,2.10.2;2.10.1;2.10.0;2.10.4;2.11.0;2.11.1,6
CVE-2022-40303,xmlParseNCName,0,0,0,,,,2.10.2;2.10.1;2.10.0;2.10.4,2.11.0;2.11.1,,,6
CVE-2022-40303,xmlParseName,0,0,0,,,,2.10.2;2.10.1;2.10.0;2.10.4;2.11.0;2.11.1,,,,6
CVE-2022-40303,xmlParsePI,0,0,0,,,,2.10.2;2.10.1;2.10.0;2.10.4;2.11.0;2.11.1,,,,6
CVE-2022-40303,xmlParseNmtoken,0,0,0,,,,2.10.2;2.10.1;2.10.0;2.10.4;2.11.0;2.11.1,,,,6
CVE-2022-40303,xmlParsePubidLiteral,0,0,0,,,,2.10.2;2.10.1;2.10.0;2.10.4;2.11.0;2.11.1,,,,6
CVE-2022-40303,xmlParseComment,0,0,0,,,,2.10.2;2.10.1;2.10.0;2.10.4;2.11.0;2.11.1,,,,6
CVE-2022-40303,xmlParseCommentComplex,0,0,0,,,,2.10.2;2.10.1;2.10.0;2.10.4;2.11.0;2.11.1,,,,6
CVE-2022-40304,xmlFreeEntity,0,0,0,,,,2.10.2;2.10.1;2.10.0;2.10.4;2.11.0;2.11.1,,,,6
CVE-2022-40304,xmlCreateEntity,0,0,0,,,,,2.10.2;2.10.1;2.10.0;2.10.4;2.11.0;2.11.1,,,6
CVE-2023-28484,xmlSchemaFixupComplexType,0,0,0,,,,2.10.3;2.10.2;2.10.1;2.11.0;2.11.1;2.11.2,,,,6
