CVE,Commit
CVE-2020-12284,1812352d767ccf5431aa440123e2e260a4db2726
CVE-2020-12284,838105153a579ff0cea0794afc0275c19c51d3a7
CVE-2020-12284,a3a3730b5456ca00587455004d40c047f7b20a99
CVE-2020-13904,0f6fa27b241676624bab91fc6ecdf8ac01121d29
CVE-2020-13904,21ce988f98f2399b8919a8a425d467da682a29a7
CVE-2020-13904,57970c41f59319f54879993fc26c55147854c52f
CVE-2020-13904,6959358683c7533f586c07a766acc5fe9544d8b2
CVE-2020-13904,7dc5dfad31d1bc6cec5f4eb1f9033ce3b715425d
CVE-2020-13904,8a2ef6d25dc79d472ea7b184c3b95b4658c99838
CVE-2020-13904,9dfb19baeb86a8bb02c53a441682c6e9a6e104cc
CVE-2020-13904,a3fdeb0c3a4ecabab2c2351b86fc92004526e9cc
CVE-2020-13904,b5e39880fb7269b1b3577cee288e06aa3dc1dfa2
CVE-2020-13904,bd09c9d46c70ef94d34c91f502326853d3f741ab
CVE-2020-13904,c00e881a450fc465e60f41bd47ea6396a87f3eef
CVE-2020-13904,c229e5e80f1b67b2120f317e815fec29ca1390a5
CVE-2020-13904,f80106e256e051082e507496cdaed564adbd4da9
CVE-2020-14212,0b3bd001ac1745d9d008a2d195817df57d7d1d14
CVE-2020-14212,dd273d359e45ab69398ac0dc41206d5f1a9371bf
CVE-2020-20446,223b5e8ac9f6461bb13ed365419ec485c5b2b002
CVE-2020-20446,287323027e0de523b12dca823c6cd5feef6569f7
CVE-2020-20446,5828700d5c70aaec1f10c417975123c76262bd98
CVE-2020-20446,b290d6b41e446aa0e56584bacf26317797bf643f
CVE-2020-20446,e56ee5a3e4d5110d2ef718249613591ad9c6a8e0
CVE-2020-20446,ee5387471feca7b50535406d7c0c9b54eff56cbe
CVE-2020-20446,f07177cb7165cba55abbf6426345524bf97c5ced
CVE-2020-20446,f5d0848098c7877905a841b796c4e0a0de28620c
CVE-2020-20448,0c9ad1c746e3a8ccb7c6f292e10c8017c0a9dc3b
CVE-2020-20448,1b375b5036f4e38e4d02b0acfea75dcc9be00d6c
CVE-2020-20448,1c1b94aaae0e3ac5175244401997f44e01724c85
CVE-2020-20448,22e645c56a4998c3aee669c491a696691793887e
CVE-2020-20448,55279d699fa64d8eb1185d8db04ab4ed92e8dea2
CVE-2020-20448,8381e82f9cc08caac3f8f62ee4667cfcbce9c858
CVE-2020-20448,8802e329c8317ca5ceb929df48a23eb0f9e852b2
CVE-2020-20448,aa9aba0fe138da4126c04ed3f5b406c6e0024b06
CVE-2020-20448,e0983daf05d6c2f53a850619461e74a7392d9bd8
CVE-2020-20448,e0d167051e93bad55a4c009399de1545aa07eeb5
CVE-2020-20448,ef9340a9dc6e10ab96a111c44520a7016a38f5ad
CVE-2020-20448,f348a0bc3c3328c0e15e23968e5be65295685df0
CVE-2020-20450,3865b1952e5cf993b016d83ba78fe1deb63bbfad
CVE-2020-20450,5400e4a50c61e53e1bc50b3e77201649bbe9c510
CVE-2020-20451,0c949b6ebfcee1b23a5fe33a3bc8af167956ea1e
CVE-2020-20451,21265f42ecb265debe9fec1dbfd0cb7de5a8aefb
CVE-2020-20451,2ce253708826fb41922da963d395160a1522b770
CVE-2020-20451,6f6036146d5808f4663d7e6e1b614ea23b8f2592
CVE-2020-20451,a43a89a08918aefa9dfcf7e6d4dae804c6a48577
CVE-2020-20451,ee92ee3b5a80e3a0c12567efc9761343d0155c21
CVE-2020-20453,00446f74ad5d8b89202f5f5234b1720ed3b901a4
CVE-2020-20453,05cca35df9df1fcbcd41a9fac77ab2fb70a6b9c7
CVE-2020-20453,a7a7f32c8ad0179a1a85d0a8cff35924e6d90be8
CVE-2020-20453,c21762969e1e66870716d84c3ded81d866ab85b4
CVE-2020-20453,d6737266a9690975d0e1589295419c6781a4e7ac
CVE-2020-20453,e431babf71b620197bc7f642c0b030598bf99928
CVE-2020-20453,ff2159658a15dadb4e83980333f9df0215e43315
CVE-2020-20891,64a805883d7223c868a683f0030837d859edd2ab
CVE-2020-20891,84fdfdf8595150c04b86febd1ef2eae3878c84b8
CVE-2020-20891,b239ccff7db0d418a74adcebfb1f2304f9a2f1f0
CVE-2020-20891,d5cb859665d62658d7859f345650fcb38528c4ab
CVE-2020-20891,f8b4426c10aa65f4c04847a50ebfdcb8782a49b7
CVE-2020-20892,15900ff8e68f38404bd6d392d474d99f65cdbbf9
CVE-2020-20892,19587c9332f5be4f6bc6d7b2b8ef3fd21dfeaa01
CVE-2020-20892,32a384519a57ad850789636c4c686091a53ce217
CVE-2020-20892,439645004bb672a29145621549cb87acdb2f84db
CVE-2020-20892,94e502e96b0870177e0af4c1e8718ac71475e374
CVE-2020-20896,6fe33489be72eee8010c28165f4b12870df4c600
CVE-2020-20896,b8197738d27f21583d9f83d7fa8c978d3a47af85
CVE-2020-20896,c4629d8abe270ec5e5d79f7d18cd0b12cd5fd797
CVE-2020-20896,dd01947397b98e94c3f2a79d5820aaf4594f4d3b
CVE-2020-20898,99f8d32129dd233d4eb2efa44678a0bc44869f23
CVE-2020-20902,04240e1d09e67c6e92189a96aeab96ef7428d942
CVE-2020-20902,0c61661a2cbe1b8b284c80ada1c2fdddf4992cad
CVE-2020-20902,1cff89a11fa051696109565b3bf88c94479374eb
CVE-2020-20902,2c78a76cb0443f8a12a5eadc3b58373aa2f4ab22
CVE-2020-20902,366cfe1615e2978e2bac2ce037373678fb9c9e26
CVE-2020-20902,4b4c26ca09b525168339df8697eb7f6bfe20345f
CVE-2020-20902,5f0acc5064ed501cb40d4aaccae2b3ce5c4552fd
CVE-2020-20902,7187b14d9bacebf9ea41596d0977a6ef114c416f
CVE-2020-20902,81672bf00f3b5a3c025034f4b2e33d67b72f3839
CVE-2020-20902,a0c91fb0f0641f9f35f650281a176657907097cf
CVE-2020-20902,abf9627f70ed8467b1646d56205e61f965f11468
CVE-2020-20902,ac36c00a44c74880e1ef18ba89b40f1dd12994ce
CVE-2020-20902,b97aaf791f6ea3506a6252ecef6a1a0e9a542e04
CVE-2020-20902,d38c8064d448e9190db311dc525cfdc674051901
CVE-2020-20902,db26d829edf83b8cb730d50831770c508fc6436f
CVE-2020-20902,f628f38f6e43c140167005593b447c47fd731a44
CVE-2020-20902,f725378bffc60264a5e91ec49a478316aa31fb23
CVE-2020-20902,f884af457321c49a759942f2cded910ee280cb67
CVE-2020-20902,fa713c4c2448d9327625059fa6ca005995f120fd
CVE-2020-20902,fa9ca0b663c1768ab2a537f5a48a4eb35e66b447
CVE-2020-21041,322b066d6533de16f5854d3ff358097e1ab9e87e
CVE-2020-21041,3d350ec7281cd0d357231fc2c99f44ebe425d586
CVE-2020-21041,50cadf8dc52e94372a181dd60a527c55d1d155f5
CVE-2020-21041,5d9f44da460f781a1604d537d0555b78e29438ba
CVE-2020-21041,77b61358aa0da73521cc181ccd56f7634a99c632
CVE-2020-21041,e06e89f6275c62316da489c567fce3d2ef6f594a
CVE-2020-21041,e1b399c818bef82a5f9dcc02b0945b58274bd805
CVE-2020-21688,22c3cd176079dd104ec7610ead697235b04396f1
CVE-2020-21688,3b49688440e7bd004634fe289d3f0e128df236fa
CVE-2020-21688,dc4e3b9586a28b4ef41c7e9de3d029fd2f200d45
CVE-2020-21697,0685bd0245a9682adee9c7c162e3c32f2ddf44cb
CVE-2020-21697,cfce16449cb815132f829d5a07beb138dfb2cba6
CVE-2020-22015,14e172600e65817144be48a774c9b699b9563653
CVE-2020-22015,4c1afa292520329eecd1cc7631bc59a8cca95c46
CVE-2020-22015,5f9f6894970b1c3e4157e695b9d1d7cd08f04be2
CVE-2020-22015,a4a70c156850dfbf1362736e5bc5ac07162a7129
CVE-2020-22015,cf876bdef8ba66c66518aa2192fff2975ad02d0b
CVE-2020-22015,e1089a581b204667149635f36df5ef81f784c2b8
CVE-2020-22015,ef75363a438b1212abeb8b3cf8d4ec451dfb199b
CVE-2020-22016,02161c6ed194ddfa00fd2af7684a8099852bc3ce
CVE-2020-22016,2ec1b096b10319120795d8f9c7ff9dafd92d3a3d
CVE-2020-22016,3ecbb180ef3b0524459d9bea9260c94356055b0e
CVE-2020-22016,58aa0ed8f10753ee90f4a4a1f4f3da803cf7c145
CVE-2020-22016,8296bf3dd05ea0b48ec479a77178bea6cac19a64
CVE-2020-22016,a95d2099b8edb6bb906751a7e27984de2d8930d8
CVE-2020-22017,aef4cbec696ae4e349a72521fba1180b96a97fab
CVE-2020-22017,d4d6b7b0355f3597cad3b8d12911790c73b5f96d
CVE-2020-22019,82ad1b76751bcfad5005440db48c46a4de5d6f02
CVE-2020-22019,a6a041676796668d3798665f2d8797df99af3453
CVE-2020-22019,c2ae30188823e6c25183283607495c3bc1584a8e
CVE-2020-22019,c7da0dad1f17856a12c98135eae9824f771e8f3a
CVE-2020-22019,cea03683b93c1569b33611d71233235933b3cbce
CVE-2020-22019,e6b5c7a5fccf7237b2aceb4334dec53f181e0149
CVE-2020-22020,0744d7176ae1027d5ad7de28b283a78d58e64545
CVE-2020-22020,278f86ece9582fd321105a54be9b7cf26b499967
CVE-2020-22020,93ad1e4a9f17ac5145c2957bb270a454c8a0cefd
CVE-2020-22020,b116c7a6b05d96845ebc490e916e7cc3d90c1249
CVE-2020-22020,ce5274c1385d55892a692998923802023526b765
CVE-2020-22020,d60effdf83eddcdb18c84d339a526fb0318723fe
CVE-2020-22021,0ab6b4469caf11119546a58c538f7c55af77ab36
CVE-2020-22021,1c5391ce1c34824d29794ee827aa6d5e984a14b6
CVE-2020-22021,6e2b18a895ca3d3df9682bbb313d3d1eaf2d7d1f
CVE-2020-22021,7971f62120a55c141ec437aa3f0bacc1c1a3526b
CVE-2020-22021,a7c3cfd8ea15bee839da7fb21e41f58b8fb0db9f
CVE-2020-22021,b5ffefdd61c94eb98b1ca555b855e2c0bdd953d6
CVE-2020-22021,bade86f6794b0b2b067d9ca741e1070322ff007c
CVE-2020-22021,bc5dde5ec0ba79860e566a44439ac72ae4a827f1
CVE-2020-22022,07050d7bdc32d82e53ee5bb727f5882323d00dba
CVE-2020-22022,07bc7b2c075f510e344b49416adaf13b9a896a81
CVE-2020-22022,25b2341f9a36f367ec9c50e859b0053d64675603
CVE-2020-22022,c72ed4f3ebffbd5ed9713caf694dc8687a35d1c0
CVE-2020-22022,c79606f233fed20a6d31e6cd5f24466021eaf94b
CVE-2020-22022,ea5d154845dfc1c6e550d197d7da79aee87c9f66
CVE-2020-22023,0b567238741854b41f84f7457686b044eadfe29c
CVE-2020-22023,69f5d4b7fdcb93c2948255193870f5ea7605028c
CVE-2020-22023,72bc9bd8ef493bd43db2f1dd92ddb1cb0b1f00b0
CVE-2020-22023,ab0b268bb78ccd5ba4411594ae74a368ad2186e1
CVE-2020-22023,c1ce4fba515628096efb93247f5f24a62a91ba64
CVE-2020-22024,723d69f99cd26db9687ed2d24d06afaff624daf3
CVE-2020-22025,3ee76a3ddb6773eb3adee5f9fcd5848d26509689
CVE-2020-22025,540047eda8391da511142d782c4145b23fdad173
CVE-2020-22025,7cab59a34f3acafd165a5fc407d0af7a67bc70ce
CVE-2020-22025,ccf4ab8c9aca0aee66bcc2914031a9c97ac0eeb8
CVE-2020-22025,ff1c55c91355257f66049fc9caba7953c1c2288f
CVE-2020-22025,ff73a50456b93e8d555603c093a3ebd193d0b097
CVE-2020-22026,3a9f384225cb6e5720d36d0b01dd446cfd6f1772
CVE-2020-22026,58bb9d3a3a6ede1c6cfb82bf671a5f138e6b2144
CVE-2020-22026,7eb02a1f8375362d7f65db14343a6eec20b255cb
CVE-2020-22026,a9b8eda77306829c9165bc306aafd6e1a91f14c0
CVE-2020-22026,c5629402fa538e957e6e1d7d701ea199e78c36cc
CVE-2020-22027,98981312e15ad6bf1c90e660abf666b15924e350
CVE-2020-22027,e787f8fd7ee99ba0c3e0f086ce2ce59eea7ed86c
CVE-2020-22027,f5da6cff3504978bf6e713996988dcef0691d800
CVE-2020-22028,01f3824f6c46ef19025059752a4381daa2443097
CVE-2020-22028,724b8fa1e230419c866bb8bfa8a5b7a9ad6f6c42
CVE-2020-22028,cde751ce49e38979626d7c31ffadc57df3d5c518
CVE-2020-22028,f069a9c2a65bc20c3462127623127df6dfd06c5b
CVE-2020-22028,ff93d6f710fa95476e0e90dec6cb1303afe26e0f
CVE-2020-22029,29f1cf0c0f5d90e81a438dc12a4782dc424bf5ec
CVE-2020-22029,a7fd1279703683ebb548ef7baa2f1519994496ae
CVE-2020-22030,df5e01770900f11eec0c500ccbaddcc6a9d0963d
CVE-2020-22030,e1b89c76f66343d1b495165664647317c66764bb
CVE-2020-22031,0e68e8c93f9068596484ec8ba725586860e06fc8
CVE-2020-22031,1a4d18820d551bedcfa03b7e8ca72df87d4b5cfa
CVE-2020-22031,da3d6068f3fbbe89c57b6c68c178a54dee168d95
CVE-2020-22031,da58e7fb9ed7223a555d97bb03b05745644812fb
CVE-2020-22031,e103a2cb9cd970f2c24525336057bccb2f3fcca3
CVE-2020-22031,fd8b08ebbb27e841fd5527e4b800ab3738216e9d
CVE-2020-22032,156af49b09af3828cd4fed4ab6ca58f1b78949da
CVE-2020-22032,222783e2faeda088a6289931da1b038f3486ee33
CVE-2020-22032,a19796a15ee0ab82e2b70d253d328111e9f916e0
CVE-2020-22032,ac5a7d5a67afb6b26460412d51f026ecf22c2193
CVE-2020-22032,de598f82f8c3f8000e1948548e8088148e2b1f44
CVE-2020-22032,e998d8c90da1f41eeecd4144441d37a5168fecb8
CVE-2020-22034,1331e001796c656a4a3c770a16121c15ec1db2ac
CVE-2020-22034,f1fc3fe3179109328229421451e3219de1ab9521
CVE-2020-22035,0749082eb93ea02fa4b770da86597450cec84054
CVE-2020-22035,8c9ff740a35d6f46935f70e4a9533dddaaf33788
CVE-2020-22036,16eb9939ea493b6ed3bfc726e4cba2dacdd2e2fa
CVE-2020-22036,6f579cf9634cf2ec1c348b48396c998614051210
CVE-2020-22036,7004a214d02d54ae969aa8d6f5788f728813079d
CVE-2020-22036,8c3166e1c302c3ba80d9742ae46161c0fa8e2606
CVE-2020-22036,d7490ef341e253294aa0abf1e4ed8381c1b0ea91
CVE-2020-22037,071ecaddb9ce7a514f4fe8b0ab4bc363d4bb0a38
CVE-2020-22037,0f8a56d5aff8c6c8c414df4d938137131bbce32f
CVE-2020-22037,4254dbe20fea3e3e1897c82027f148c868d6c11e
CVE-2020-22037,492318cb65967ff220ad84d2034f78c24fbdda54
CVE-2020-22037,51292064a2ce71b2adfc090ed7302b0ed3f0eab9
CVE-2020-22037,7bba0dd6382e30d646cb406034a66199e071d713
CVE-2020-22037,9e84c17a43d84f4ba8e282f448dea04882b229cf
CVE-2020-22037,c6e7b345f5fd261ade273ea2d0cfa51fc6b512ac
CVE-2020-22038,7c32e9cf93b712f8463573a59ed4e98fd10fa013
CVE-2020-22039,a581bb66ea5eb981e2e498ca301df7d1ef15a6a3
CVE-2020-22040,1a0c584abc9709b1d11dbafef05d22e0937d7d19
CVE-2020-22041,3488e0977c671568731afa12b811adce9d4d807f
CVE-2020-22041,4f566654e744c7810f4afdd91fe00fdd1ef46646
CVE-2020-22041,5b4100cbaedfea847a10c689c0dc75313972c350
CVE-2020-22041,a0307736e70b2f02f0886bc7864f604692aac401
CVE-2020-22041,ac6c213c4eb1132f53d401099dc5e7df32705609
CVE-2020-22041,c6fdee52746eb1aa2a74fc4adb368bf4a376ddf2
CVE-2020-22042,426c16d61a9b5056a157a1a2a057a4e4d13eef84
CVE-2020-22042,a23078a721682268caf03fc6d24a6ab202d309ae
CVE-2020-22043,b288a7eb3d963a175e177b6219c8271076ee8590
CVE-2020-22044,13dfa808701732e999dec588b7ff6a96414b90ab
CVE-2020-22044,1d479300cbe0522c233b7d51148aea2b29bd29ad
CVE-2020-22044,3a04214c60949185c263ec76692c3b34d6232235
CVE-2020-22044,40dfd623632ed22bf3c98465ae3e68fcb1f31200
CVE-2020-22044,525d855c60acfa9868acd0b2a9d5ddcfd767e935
CVE-2020-22044,c7c2f4975b23dc2ba6b3324a41bb495fcb4656d6
CVE-2020-22046,02fd294a333baaa55501eb0a26b86c99a80e4569
CVE-2020-22046,097c917c147661f5378dae8fe3f7e46f43236426
CVE-2020-22046,141c507e0584a8611209e885224842894bfd33f2
CVE-2020-22046,1a541dc0c5e1279251c9ed4cd416005fcca6e748
CVE-2020-22046,48722306331bfa60096a2699f8b2a51c57f9a951
CVE-2020-22046,bbc9751da67286d27f379dbe3b52ee3b55b0503e
CVE-2020-22048,64d2e0b20066058cf1c6dc3c49adab6d18d66fcc
CVE-2020-22048,7d4c2d90b3997542a2dece32a1234f3bc3629610
CVE-2020-22048,e7dbee00f0d356aaa4a2033b9caf8173a32afd4d
CVE-2020-22048,ee981f7ceb2c20dbfc5a2f5f27b0c44032eac798
CVE-2020-22048,fddef964e8aa4a2c123e470db1436a082ff6bcf3
CVE-2020-23906,40e049856e4f78f2a91d0f7b8b80915e87c59d04
CVE-2020-23906,4646f94b9cc83facb651a4540f342014cb75f937
CVE-2020-23906,a719482c8e51afbd490ec28cadf7fe01dc96e1de
CVE-2020-23906,be84216c53a4ed81573c82320e9c4a20e9b349d9
CVE-2020-23906,d46b698478f11ab85135b3cf0a7944c4dd62e37c
CVE-2020-23906,ec59dc73f0cc8930bf5dae389cd76d049d537ca7
CVE-2020-23906,eeb4dd786605487dc880fb2f2e9480ac0eafb06f
CVE-2020-24020,584f396132aa19d21bb1e38ad9a5d428869290cb
CVE-2020-35964,27a99e2c7d450fef15594671eef4465c8a166bd7
CVE-2020-35964,4f0bdff292391cdb96b79b08c56533029166bdc8
CVE-2020-35964,955b471fbe77bdab4f007c43c65e71c596e212b5
CVE-2020-35965,00115573e3030eff57847e1045ec18f0da5adb5c
CVE-2020-35965,30102ee94e7d37d0feb11351ee8b70c3f714af66
CVE-2020-35965,3e5959b3457f7f1856d997261e6ac672bba49e8b
CVE-2020-35965,40f056abed4e0b0bc8e037da8b56bcb93d5660f2
CVE-2020-35965,4371d51f1bdc92c4d2b159237b2d9c0a679151bb
CVE-2020-35965,4810fe79363d196b87a73333d37d3baad6c04f49
CVE-2020-35965,a53ffb15d8ae9bed14041b4cf62e436852e95431
CVE-2020-35965,b0a8b40294ea212c1938348ff112ef1b9bf16bb3
CVE-2021-30123,d6f293353c94c7ce200f6e0975ae3de49787f91f
CVE-2021-33815,26d3c81bc5ef2f8c3f09d45eaeacfb4b1139a777
CVE-2021-33815,43bdf562c3f69261d742dd35dfe5147fb3c007d0
CVE-2021-3566,3bce9e9b3ea35c54bacccc793d7da99ea5157532
CVE-2021-38114,46bbf194c44e49f08bbb028c5b933a901a84a7bd
CVE-2021-38114,7150f9575671f898382c370acae35f9087a30ba1
CVE-2021-38114,796a84fd047099ba25329ee2c420d11709ebe8b1
CVE-2021-38114,7c455ee86a79b54857361e2a6eaf8a23783eaf3b
CVE-2021-38114,c7b205dedd05a4983ab3ce557fdb06aa886127c9
CVE-2021-38114,e61b25e2557394e640a5aae901473785a4b23db5
CVE-2021-38114,eeda5a1bd42320d227e52d8b05b37986d143cce3
CVE-2021-38114,ff3ae6999959150ef488b170bbcc2fb6610b3572
CVE-2021-38171,5976047ae0227fe4fdaea6b7d1bf6eb671984da6
CVE-2021-38171,8028e18988445e13102d6f65b6f19b6805735698
CVE-2021-38171,9f38effa59e2f7d9a0475cd90c02bbd76c8e75a1
CVE-2021-38171,9ffa49496d1aae4cbbb387aac28a9e061a6ab0a6
CVE-2021-38171,a5f40432b4deeae9b371e5a2d4395343ffcfa359
CVE-2021-38171,bc9e0b6cd2839acbac8da3232d715eb66857e453
CVE-2021-38171,db3dd0545cdf690ee22f8b9807096d580bb8eb24
CVE-2021-38171,fb993619d1035fa9646506925ea70fb122038999
CVE-2021-38291,07dec5b0c383ebd6053bdf0a022dfe4aa01b9b70
CVE-2021-38291,76470ae27fc8cd48890ee0cb6ff20c46bd984f67
CVE-2021-38291,94551f3197a8570b13830f636c68f3507cd0bb7b
CVE-2021-38291,a4a3fd814aac900175ec4a2811cb5bf98c1ddad3
CVE-2021-38291,d17624507ac5c2622fa8de74d213d8ba3df6387c
CVE-2021-38291,dfb9a3f7f3ca35eb2dbedb79d117bf14a796e709
CVE-2021-38291,e01d306c647b5827102260b885faa223b646d2d1
CVE-2022-1475,757da974b21833529cc41bdcc9684c29660cdfa8
CVE-2022-1475,95322e07673885ebcbb8fd54f30a9b8f17d5be6a
CVE-2022-1475,e9e2ddbc6c78cc18b76093617f82c920e58a8d1f
CVE-2022-1475,fa2e4afe8d0a23fac37392ef6506cfc9841f8d3d
CVE-2022-2566,6f53f0d09ea4c9c7f7354f018a87ef840315207d
CVE-2022-2566,c953baa084607dd1d84c3bfcce3cf6a87c3e6e05
CVE-2022-3109,2cdddcd6ec90c7a248ffe792d85faa4d89eab9f7
CVE-2022-3109,4d82b7bac42c9d35d4f9f145a85e6cbc1fe914f2
CVE-2022-3109,51efa68ec0b4f42b5b124b8987fb68f60a929c4f
CVE-2022-3109,5cd450dd7ae5f0b25c961fe761f8dbb4c8a7ddae
CVE-2022-3109,656cb0450aeb73b25d7d26980af342b37ac4c568
CVE-2022-3109,7694a44baaaa4786995590a8ba2b16acd8ef8177
CVE-2022-3109,b2e1ee39f52e285cd630786019cff5d8d12aa1a1
CVE-2022-3341,481e81be1271ac9a0124ee615700390c2371bd89
CVE-2022-3341,9cf652cef49d74afe3d454f27d49eb1a1394951e
CVE-2022-3341,c513bd48039a718dabf6d7a829efb6732693c04b
CVE-2022-3341,d811434b5d731c0fad2eb5fbf3fc3e53df98ae67
CVE-2022-3964,1eb002596e3761d88de4aeea3158692b82fb6307
CVE-2022-3964,7c234248f859baa35e55c3dbbb7a359eae1c5257
CVE-2022-3964,92f9b28ed84a77138105475beba16c146bdaf984
CVE-2022-3964,ad28b01a141703b831256b712e0613281b15fcf0
CVE-2022-3965,13c13109759090b7f7182480d075e13b36ed8edd
CVE-2022-3965,293dc39bcaa99f213c6b7a703e11f146abf5d3be
CVE-2022-3965,9886e4c3b0880b167dbfdad722fb654c58cdc977
CVE-2022-48434,031c9601d06759a748adc077f73e3005b5571be1
CVE-2022-48434,35aa7e70e7ec350319e7634a30d8d8aa1e6ecdda
CVE-2022-48434,3bc28e9d1ab33627cea3c632dd6b0c33e22e93ba
CVE-2022-48434,cc867f2c09d2b69cee8a0eccd62aff002cbbfe11
CVE-2022-48434,d4b7b3c03ee2baf0166ce49dff17ec9beff684db
CVE-2023-47342,0077a817a1dd83790f674c3b5078b2dba106d228
CVE-2023-47342,07e3223dd0213cc5f0b65e98a6e1b1500d09ece0
CVE-2023-47342,5e71da4ef9636966b7ec5f8910cf0e6dd4e941e6
CVE-2023-47342,7b3534186a2116e2232ae38e1806cfc79f0b9478
CVE-2023-47342,d254fe2d1da3b1cba3526c5d6417c9912e330988
CVE-2023-47342,d8a3d7b4f91249b1ff02d4474c78111b8688d605
CVE-2023-47342,e4d5ac8d7d2a08658b3db7dd821246fe6b35381f
CVE-2023-47343,0f6a3405e8987ad761a2d9139fdc95bbb6a61118
CVE-2023-47344,f7ac3512f5b5cb8eb149f37300b43461d8e93af3
CVE-2023-49501,4adb93dff05dd947878c67784d98c9a4e13b57a7
CVE-2023-49502,23afb77b8ed5fd368c26292e927531b6470ff040
CVE-2023-49502,737ede405b11a37fdd61d19cf25df296a0cb0b75
CVE-2023-49502,de0ec0d3af39ba180fe06cf90880e4c487b5dec3
CVE-2023-49502,e6ef90db6cf9e00dcbef21216641cd335bd2ecd6
CVE-2023-49502,eb1782ea84ebdb357917b249a353552060a8ebe4
CVE-2023-50007,b1942734c7cbcdc9034034373abcc9ecb9644c47
CVE-2023-50008,5f87a68cf70dafeab2fb89b42e41a4c29053b89b
CVE-2024-28661,66b50445cb36cf6adb49c2397362509aedb42c71
CVE-2024-31578,3bb00c0a420c3ce83c6fafee30270d69622ccad7
CVE-2024-31582,99debe5f823f45a482e1dc08de35879aa9c74bd2
CVE-2024-36617,119eb87952d5bc403d946c79a1a7490022823ebc
CVE-2024-36617,2eb0e9d16898c6c4f54bb0e6075e4e3f6a84f18d
CVE-2024-36617,625ca605f5b1f60f6409949533bcff8982d61464
CVE-2024-36617,9557810a81624f222d603e0fdf3778054f8d8cc4
CVE-2024-36617,d66b1af8df7902a3b6226f13410112d9ff27bfc4
CVE-2024-36617,d973fcbcc2f944752ff10e6a76b0b2d9329937a7
CVE-2024-7055,3faadbe2a27e74ff5bb5f7904ec27bb1f5287dc8
CVE-2024-7055,5372bfe01e4a04357ab4465c1426cf8c6412dfd5
CVE-2024-7055,587acd0d4020859e67d1f07aeff2c885797ebcce
CVE-2024-7055,ceeb1928da9a3aedd6fff935790c70405d4b12bf
CVE-2024-7055,d0ce252930357406a0435d0d783db4b1467345aa
CVE-2024-7055,da2240ccbecdf3fe8df6465ae3de7a1b565a2c68
CVE-2024-7272,9903ba28c28ab18dc7b7b6fb8571cc8b5caae1a6
CVE-2024-7272,a937b3c58babae893fb46b286a4792cd24a01d3d
CVE-2025-0518,6b43edeb24e4e7cbf4c85c94a86be7333a844f65
CVE-2025-0518,72c82bbb9fcaaab80bdd5142a7308323f490a13c
CVE-2025-0518,a0e2fd18917a19605bb4efd12c7501c6b8bc26d0
CVE-2025-0518,b5b6391d64807578ab872dc58fb8aa621dcfc38a
CVE-2025-0518,b827ac49b770635fc666f8543cb9585e1bc6308b
CVE-2025-0518,f4dd0a5fc725879c9a2699c19d9465581531a6fb
CVE-2025-1373,43be8d07281caca2e88bfd8ee2333633e1fb1a13
CVE-2025-1816,0526535cd58444dd264e810b2f3348b4d96cff3b
CVE-2025-1816,b06845c6727a7c4391a7d5f607ae078aa0073c43
CVE-2025-22919,1446e37d3d032e1452844778b3e6ba2c20f0c322
CVE-2025-22919,145a3a84550a1c3a3b848c12a64b53c3c41d2888
CVE-2025-22919,20dee7be59c8f1ed8b02c89c206f56c77cff61dc
CVE-2025-22919,2ec7f8ea4da98449061cb0f7e61c5d1cb4e1cc92
CVE-2025-22920,4bf784c0e5615c3f934e677d5de093a8be7da7ae
CVE-2025-25471,fd1772b7475d0d5673a5dd314ee78443d0be4cf1
