cve,succeed,tp,tn,fp,fn,false_positive,false_negative,failed_versions,target,no_sig
CVE-2017-7299,3,0,3,0,1,2.28,,,4,
CVE-2017-7303,3,0,3,0,1,2.28,,,4,
CVE-2017-7304,3,0,3,0,1,2.28,,,4,
CVE-2017-6965,0,0,0,0,0,,,2.28;2.29;2.29.1;2.30,4,
CVE-2017-6966,0,0,0,0,0,,,2.28;2.29;2.29.1;2.30,4,
CVE-2017-7209,3,0,3,0,1,2.28,,,4,
CVE-2017-6969,0,0,0,0,0,,,2.28;2.29;2.29.1;2.30,4,
CVE-2017-9038,2,0,2,0,0,,,2.28;2.30,4,
CVE-2017-9039,0,0,0,0,0,,,2.28;2.29;2.29.1;2.30,4,
CVE-2017-9040,1,1,0,3,0,,2.29;2.29.1;2.30,,4,
CVE-2017-9043,0,0,0,0,0,,,2.28;2.29;2.29.1;2.30,4,
CVE-2017-8392,4,1,3,0,0,,,,4,
CVE-2017-8394,0,0,0,0,0,,,,4,true
CVE-2017-8395,3,0,3,0,1,2.28,,,4,
CVE-2017-8397,1,1,0,3,0,,2.29;2.29.1;2.30,,4,
CVE-2017-8398,0,0,0,0,0,,,2.28;2.29;2.29.1;2.30,4,
CVE-2017-8396,4,1,3,0,0,,,,4,
CVE-2017-8421,1,1,0,3,0,,2.29;2.29.1;2.30,,4,
CVE-2017-9954,4,1,3,0,0,,,,4,
CVE-2017-9955,0,0,0,0,0,,,2.28;2.29;2.29.1;2.30,4,
CVE-2017-13710,0,0,0,0,0,,,2.29;2.29.1;2.30;2.31,4,
CVE-2017-12967,1,1,0,3,0,,2.29.1;2.30;2.31,,4,
CVE-2017-13757,0,0,0,0,0,,,2.29;2.29.1;2.30;2.31,4,
CVE-2017-14129,1,1,0,3,0,,2.29.1;2.30;2.31,,4,
CVE-2017-12799,0,0,0,0,0,,,2.29;2.29.1;2.30;2.31,4,
CVE-2017-14128,2,1,1,2,0,,2.30;2.31,,4,
CVE-2017-14130,3,0,3,0,0,,,2.29,4,
CVE-2017-12448,5,2,3,0,0,,,,5,
CVE-2017-14529,0,0,0,0,0,,,2.29;2.29.1;2.30;2.31,4,
CVE-2017-14745,0,0,0,2,0,,2.30;2.31,2.29;2.29.1,4,
CVE-2017-14729,0,0,0,0,0,,,2.29;2.29.1;2.30;2.31,4,
CVE-2017-14974,0,0,0,0,0,,,2.29;2.29.1;2.30;2.31,4,
CVE-2017-14930,2,0,2,0,0,,,2.29;2.29.1,4,
CVE-2017-14938,3,1,2,0,0,,,,3,
CVE-2017-14939,2,0,2,0,1,2.29,,,3,
CVE-2017-14940,1,1,0,2,0,,2.30;2.31,,3,
CVE-2017-15021,2,0,2,0,0,,,2.29;2.29.1,4,
CVE-2017-15024,0,0,0,0,0,,,2.29;2.29.1;2.30;2.31,4,
CVE-2017-15025,1,1,0,3,0,,2.29.1;2.30;2.31,,4,
CVE-2017-15020,1,1,0,0,0,,,2.30;2.31;2.31.1,4,
CVE-2017-15022,1,1,0,3,0,,2.30;2.31;2.31.1,,4,
CVE-2017-15023,1,1,0,3,0,,2.30;2.31;2.31.1,,4,
CVE-2017-14932,1,1,0,3,0,,2.30;2.31;2.31.1,,4,
CVE-2017-14933,1,1,0,3,0,,2.30;2.31;2.31.1,,4,
CVE-2017-15938,1,1,0,0,0,,,2.30;2.31;2.31.1,4,
CVE-2017-15939,4,1,3,0,0,,,,4,
CVE-2017-14934,0,0,0,0,0,,,2.29;2.30;2.31;2.31.1,4,
CVE-2017-15225,4,1,3,0,0,,,,4,
CVE-2017-16829,3,0,3,0,1,2.29.1,,,4,
CVE-2017-15996,3,0,3,0,0,,,2.29,4,
CVE-2017-16830,0,0,0,0,0,,,2.29.1;2.30;2.31;2.31.1,4,
CVE-2017-16828,1,1,0,3,0,,2.30;2.31;2.31.1,,4,
CVE-2017-16831,1,1,0,3,0,,2.30;2.31;2.31.1,,4,
CVE-2017-17080,0,0,0,0,0,,,2.29.1;2.30;2.31;2.31.1,4,
CVE-2017-17124,1,1,0,3,0,,2.30;2.31;2.31.1,,4,
CVE-2017-17122,4,1,3,0,0,,,,4,
CVE-2017-17126,0,0,0,0,0,,,,4,true
CVE-2018-7208,0,0,0,0,0,,,2.30;2.31;2.31.1;2.32,4,
CVE-2018-6543,3,0,3,0,0,,,2.30,4,
CVE-2018-6759,0,0,0,3,0,,2.31;2.31.1;2.32,2.30,4,
CVE-2018-6872,0,0,0,0,0,,,2.30;2.31;2.31.1;2.32,4,
CVE-2018-7570,0,0,0,0,0,,,2.30;2.31;2.31.1;2.32,4,
CVE-2018-7568,3,0,3,0,1,2.30,,,4,
CVE-2018-7569,1,1,0,3,0,,2.31;2.31.1;2.32,,4,
CVE-2018-7643,1,1,0,3,0,,2.31;2.31.1;2.32,,4,
CVE-2018-10372,3,0,3,0,0,,,2.30,4,
CVE-2018-10373,4,1,3,0,0,,,,4,
CVE-2018-8945,1,1,0,0,0,,,2.31;2.31.1;2.32,4,
CVE-2018-17360,0,0,0,0,0,,,2.31.1;2.32;2.33.1;2.34,4,
CVE-2018-18605,4,1,3,0,0,,,,4,
CVE-2018-18606,1,1,0,0,0,,,2.32;2.33.1;2.34,4,
CVE-2018-18607,0,0,0,0,0,,,2.31;2.32;2.33.1;2.34,4,
CVE-2018-19932,0,0,0,0,0,,,2.31;2.30;2.29.1;2.32;2.33.1;2.34,6,
CVE-2018-20002,1,1,0,3,0,,2.32;2.33.1;2.34,,4,
CVE-2018-1000876,3,3,0,3,0,,2.32;2.33.1;2.34,,6,
CVE-2018-20651,0,0,0,0,0,,,2.31.1;2.32;2.33.1;2.34,4,
CVE-2018-20671,3,0,3,0,3,2.31.1;2.31;2.30,,,6,
CVE-2019-17451,2,0,2,0,1,2.32,,2.35,4,
CVE-2020-19724,3,3,0,3,0,,2.34;2.35;2.35.1,,6,
CVE-2020-16590,0,0,0,0,0,,,2.35;2.35.1;2.35.2;2.36.1,4,
CVE-2020-16591,0,0,0,0,0,,,2.35;2.35.1;2.35.2;2.36.1,4,
CVE-2020-16593,0,0,0,0,0,,,2.35;2.35.1;2.35.2;2.36.1,4,
CVE-2020-16599,3,0,3,0,1,2.35,,,4,
CVE-2020-35448,1,1,0,2,0,,2.36.1;2.37,,3,
CVE-2021-20294,2,2,0,0,0,,,2.35.2;2.36.1;2.37,5,
CVE-2021-45078,0,0,0,0,0,,,2.37;2.36.1;2.35.2;2.38;2.39;2.37;2.36.1;2.35.2;2.38;2.39,10,
CVE-2022-38533,0,0,0,0,0,,,2.39;2.38;2.37;2.41;2.42,5,
CVE-2023-25586,0,0,0,0,0,,,2.41;2.42;2.43,3,
CVE-2022-48063,3,3,0,2,0,,2.41;2.42,,5,
CVE-2022-48064,0,0,0,0,0,,,2.39;2.38;2.37;2.41;2.42,5,
CVE-2022-48065,0,0,0,0,0,,,2.39;2.38;2.37;2.41;2.42,5,
CVE-2023-1579,3,1,2,0,0,,,,3,
CVE-2018-17358,3,0,3,0,0,,,2.31.1,4,
