CVE,funcname,succeed,false_positive,false_negative,failed_versions,no_diff,func_not_found,targets
CVE-2015-8958,ReadSUNImage,0,,7.0.1-1;7.0.1-2;7.0.1-3,,,,3
CVE-2015-8900,ReadHDRImage,6,,,,,,6
CVE-2015-8895,AcquireVirtualMemory,2,,7.0.1-2;7.0.5-2;7.0.5-3,,,,5
CVE-2015-8895,WritePICTImage,3,7.0.1-0;7.0.1-1;7.0.1-2,,,,,6
CVE-2015-8895,ReadICONImage,3,,7.0.5-1;7.0.5-2;7.0.5-3,,,,6
CVE-2015-8895,AutoResizeImage,3,,7.0.5-1;7.0.5-2;7.0.5-3,,,,6
CVE-2015-8895,RelinquishVirtualMemory,3,,7.0.5-1;7.0.5-2;7.0.5-3,,,,6
CVE-2015-8895,GetMagickDelegates,3,,7.0.5-1;7.0.5-2;7.0.5-3,,,,6
CVE-2015-8896,AcquireVirtualMemory,3,,7.1.0-0;7.1.0-1;7.1.0-2,,,,6
CVE-2015-8896,WritePICTImage,3,7.0.1-0;7.0.1-1;7.0.1-2,,,,,6
CVE-2015-8896,ReadICONImage,3,,7.1.0-0;7.1.0-1;7.1.0-2,,,,6
CVE-2015-8896,AutoResizeImage,3,,7.1.0-0;7.1.0-1;7.1.0-2,,,,6
CVE-2015-8896,RelinquishVirtualMemory,3,,7.1.0-0;7.1.0-1;7.1.0-2,,,,6
CVE-2015-8896,GetMagickDelegates,3,,7.1.0-0;7.1.0-1;7.1.0-2,,,,6
CVE-2016-7515,ReadRLEImage,3,,,,,,3
CVE-2016-7514,ReadPSDImage,3,,,,,,3
CVE-2016-7534,SetQuantumPack,0,,7.0.1-1;7.0.1-2;7.0.1-3,,,,3
CVE-2016-7534,GetQuantumExtent,0,,7.0.1-1;7.0.1-2;7.0.1-3,,,,3
CVE-2016-7534,ImportCbYCrYQuantum,3,,,,,,3
CVE-2016-10065,IsVIFF,0,,7.0.1-1;7.0.1-2;7.0.1-3,,,,3
CVE-2016-10065,ImportGrayQuantum,0,,7.0.1-1;7.0.1-2;7.0.1-3,,,,3
CVE-2016-10065,ReadVIFFImage,3,,,,,,3
CVE-2016-5689,ReadDCMImage,6,,,,,,6
CVE-2016-5690,ReadDCMImage,6,,,,,,6
CVE-2016-5691,ReadDCMImage,6,,,,,,6
CVE-2016-10060,ConcatenateImages,3,,7.0.11-0;7.0.11-1;7.0.11-2,,,,6
CVE-2016-10060,MagickUsage,3,,7.0.11-0;7.0.11-1;7.0.11-2,,,,6
CVE-2016-6491,Get8BIMProperty,6,,,,,,6
CVE-2016-7101,ReadSGIImage,3,,7.1.0-0;7.1.0-1;7.1.0-2,,,,6
CVE-2016-9556,ReadSGIImage,3,7.0.3-8,,,,,4
CVE-2017-9098,ReadRLEImage,6,,,,,,6
CVE-2017-9499,ReadMPCImage,1,,7.0.5-8;7.0.5-9;7.0.5-10,,,,4
CVE-2017-11523,ReadTXTImage,6,,,,,,6
CVE-2017-15277,ReadGIFImage,1,,7.0.6-3;7.0.6-4;7.0.6-5,,,,4
CVE-2017-14174,ReadPSDLayersInternal,3,7.0.7-0,,,,,4
CVE-2017-14174,ReadPSDChannel,1,,7.0.7-1;7.0.7-2;7.0.7-3,,,,4
CVE-2017-15032,ReadYCBCRImage,1,,7.0.7-3;7.0.7-4;7.0.7-5,,,,4
CVE-2017-15033,ReadYUVImage,1,,7.0.7-3;7.0.7-4;7.0.7-5,,,,4
CVE-2019-12974,ReadLABELImage,3,7.0.8-34,,,,,4
CVE-2019-12974,ReadCAPTIONImage,3,7.0.8-34,,,,,4
CVE-2019-12979,SetImageProperty,1,,7.0.8-35;7.0.8-36;7.0.8-37,,,,4
CVE-2019-10131,format8BIM,3,,7.1.0-0;7.1.0-1;7.1.0-2,,,,6
CVE-2018-16643,ReadCALSImage,4,,,,,,4
CVE-2018-16643,ReadPWPImage,4,,,,,,4
CVE-2018-16643,ReadPICTImage,4,,,,,,4
CVE-2018-16643,ReadDCMImage,4,,,,,,4
CVE-2018-16644,ReadDCMImage,3,7.0.8-11,,,,,4
CVE-2018-16645,ReadBMPImage,1,7.0.8-11,7.0.8-13;7.0.8-14,,,,4
CVE-2018-20467,ReadBMPImage,6,,,,,,6
CVE-2019-12978,ReadCAPTIONImage,1,,7.0.8-35;7.0.8-36;7.0.8-37,,,,4
CVE-2019-7175,DecodeImage,3,,7.1.0-0;7.1.0-1;7.1.0-2,,,,6
CVE-2019-7395,WritePSDChannel,3,,7.1.0-0;7.1.0-1;7.1.0-2,,,,6
CVE-2019-7396,ReadSIXELImage,3,,7.1.0-0;7.1.0-1;7.1.0-2,,,,6
CVE-2019-7398,WriteDIBImage,3,,7.1.0-0;7.1.0-1;7.1.0-2,,,,6
CVE-2019-11470,ReadCINImage,3,,,,,,3
CVE-2019-10714,LocaleLowercase,3,,7.1.0-0;7.1.0-1;7.1.0-2,,,,6
CVE-2019-10714,LocaleUppercase,3,,7.1.0-0;7.1.0-1;7.1.0-2,,,,6
CVE-2019-12975,WriteDPXImage,4,,,,,,4
CVE-2019-12976,ReadPCLImage,4,,,,,,4
CVE-2019-10649,SVGEndElement,3,,,,,,3
CVE-2019-10650,WriteTIFFImage,3,,,,,,3
CVE-2019-16711,WritePS2Image,3,7.0.8-40,,,,,4
CVE-2019-16711,Huffman2DEncodeImage,1,,7.0.8-41;7.0.8-42;7.0.8-43,,,,4
CVE-2019-11472,ReadXWDImage,3,,,,,,3
CVE-2019-14981,MeanShiftImage,3,,7.1.0-0;7.1.0-1;7.1.0-2,,,,6
CVE-2019-15139,RegisterXWDImage,0,,7.0.8-42;7.0.8-43;7.0.8-44,,,,3
CVE-2019-15139,ReadXWDImage,3,,,,,,3
CVE-2019-19949,Magick_png_write_raw_profile,6,,,,,,6
CVE-2019-13133,ReadBMPImage,6,,,,,,6
CVE-2019-13133,ReadVIFFImage,6,,,,,,6
CVE-2019-13134,ReadBMPImage,6,,,,,,6
CVE-2019-13134,ReadVIFFImage,6,,,,,,6
CVE-2019-13136,TIFFSeekCustomStream,6,,,,,,6
CVE-2019-13137,ReadPSImage,3,,7.1.0-0;7.1.0-1;7.1.0-2,,,,6
CVE-2019-13307,AcquirePixelThreadSet,0,,7.0.8-50;7.0.8-51;7.0.8-53,,,,3
CVE-2019-17541,ReadICCProfile,3,,7.1.0-0;7.1.0-1;7.1.0-2,,,,6
CVE-2019-17541,ReadIPTCProfile,3,,7.1.0-0;7.1.0-1;7.1.0-2,,,,6
CVE-2019-17547,TraceBezier,6,,,,,,6
CVE-2020-27750,PixelSyncIterator,3,,7.1.0-0;7.1.0-1;7.1.0-2,,,,6
CVE-2020-27762,WriteHDRImage,6,,,,,,6
CVE-2020-25664,WriteOnePNGImage,3,,7.0.8-68;7.0.9-0;7.0.9-1,,,,6
CVE-2020-25665,WritePALMImage,3,,7.1.0-0;7.1.0-1;7.1.0-2,,,,6
CVE-2020-25674,WriteOnePNGImage,3,,7.1.0-0;7.1.0-1;7.1.0-2,,,,6
CVE-2020-27760,GammaImage,3,,7.1.0-0;7.1.0-1;7.1.0-2,,,,6
CVE-2020-27760,LevelPixel,3,,7.1.0-0;7.1.0-1;7.1.0-2,,,,6
CVE-2020-27763,AcquireResizeFilter,6,,,,,,6
CVE-2020-27758,ReadTXTImage,6,,,,,,6
CVE-2020-27770,SubstituteString,3,,7.1.0-0;7.1.0-1;7.1.0-2,,,,6
CVE-2020-25663,SetImageAlphaChannel,3,,7.1.0-0;7.1.0-1;7.1.0-2,,,,6
CVE-2020-27756,ParseMetaGeometry,3,,7.1.0-0;7.1.0-1;7.1.0-2,,,,6
CVE-2020-27751,SetQuantumDepth,3,,7.1.0-0;7.1.0-1;7.1.0-2,,,,6
CVE-2020-27761,WritePALMImage,3,,7.1.0-0;7.1.0-1;7.1.0-2,,,,6
CVE-2020-25675,CropImageToTiles,3,,7.1.0-0;7.1.0-1;7.1.0-2,,,,6
CVE-2020-25675,CropImage,3,,7.1.0-0;7.1.0-1;7.1.0-2,,,,6
CVE-2020-25676,InterpolatePixelInfo,3,,7.1.0-0;7.1.0-1;7.1.0-2,,,,6
CVE-2020-25676,InterpolatePixelChannel,3,,7.1.0-0;7.1.0-1;7.1.0-2,,,,6
CVE-2020-25676,InterpolatePixelChannels,3,,7.1.0-0;7.1.0-1;7.1.0-2,,,,6
CVE-2020-25676,MeshInterpolate,3,,7.1.0-0;7.1.0-1;7.1.0-2,,,,6
CVE-2020-25676,CatromWeights,3,,7.1.0-0;7.1.0-1;7.1.0-2,,,,6
CVE-2020-27765,OptimalTau,3,,7.1.0-0;7.1.0-1;7.1.0-2,,,,6
CVE-2020-27765,Classify,3,,7.1.0-0;7.1.0-1;7.1.0-2,,,,6
CVE-2020-27775,ApplyEvaluateOperator,6,,,,,,6
CVE-2020-27774,ApplyEvaluateOperator,6,,,,,,6
CVE-2020-27769,PosterizeImage,3,,7.1.0-0;7.1.0-1;7.1.0-2,,,,6
CVE-2020-25666,HistogramCompare,6,,,,,,6
CVE-2020-25667,TIFFGetProfiles,6,,,,,,6
CVE-2020-25667,TIFFGetEXIFProperties,3,,7.1.0-0;7.1.0-1;7.1.0-2,,,,6
CVE-2020-27772,WriteBMPImage,3,,7.1.0-0;7.1.0-1;7.1.0-2,,,,6
CVE-2020-27752,WriteOnePNGImage,3,,7.1.0-0;7.1.0-1;7.1.0-2,,,,6
CVE-2020-27753,WriteMIFFImage,6,,,,,,6
CVE-2020-27753,PopRunlengthPacket,6,,,,,,6
CVE-2020-27753,ReadMIFFImage,6,,,,,,6
CVE-2020-27753,PushRunlengthPacket,6,,,,,,6
CVE-2020-27755,SetImageExtent,3,,7.1.0-0;7.1.0-1;7.1.0-2,,,,6
CVE-2019-18853,ReadSVGImage,6,,,,,,6
CVE-2020-19667,ReadXPMImage,1,,7.0.10-8;7.0.10-9;7.0.10-10,,,,4
CVE-2021-3596,ReadSVGImage,6,,,,,,6
CVE-2020-27560,OptimizeLayerFrames,4,,,,,,4
CVE-2020-27829,ReadTIFFImage,3,,7.0.10-46;7.0.10-47;7.0.10-48,,,,6
CVE-2022-48541,MogrifyImageCommand,1,,7.0.10-46;7.0.10-47;7.0.10-48,,,,4
CVE-2022-48541,AnimateImageCommand,4,,,,,,4
CVE-2022-48541,MontageImageCommand,1,,7.0.10-46;7.0.10-47;7.0.10-48,,,,4
CVE-2022-48541,StreamImageCommand,4,,,,,,4
CVE-2022-48541,ConjureImageCommand,4,,,,,,4
CVE-2022-48541,IdentifyImageCommand,1,,7.0.10-46;7.0.10-47;7.0.10-48,,,,4
CVE-2022-48541,CompareImagesCommand,4,,,,,,4
CVE-2022-48541,ConvertImageCommand,4,,,,,,4
CVE-2022-48541,ImportImageCommand,4,,,,,,4
CVE-2022-48541,DisplayImageCommand,4,,,,,,4
CVE-2022-48541,CompositeImageCommand,4,,,,,,4
CVE-2021-20176,GenerateDifferentialNoise,6,,,,,,6
CVE-2021-20244,ImplodeImage,3,,7.0.10-62;7.0.11-0;7.0.11-1,,,,6
CVE-2021-20246,ScaleResampleFilter,3,,7.0.10-62;7.0.11-0;7.0.11-1,,,,6
CVE-2021-20311,EncipherAESBlock,3,,7.0.11-2;7.0.11-3;7.0.11-4,,,,6
CVE-2021-20311,PasskeyEncipherImage,3,,7.0.11-2;7.0.11-3;7.0.11-4,,,,6
CVE-2021-20311,TransformsRGBImage,3,,7.0.11-2;7.0.11-3;7.0.11-4,,,,6
CVE-2021-20311,PasskeyDecipherImage,3,,7.0.11-2;7.0.11-3;7.0.11-4,,,,6
CVE-2021-20311,RelinquishVirtualMemory,3,,7.0.11-2;7.0.11-3;7.0.11-4,,,,6
CVE-2021-20311,sRGBTransformImage,3,,7.0.11-2;7.0.11-3;7.0.11-4,,,,6
CVE-2021-20311,WriteTHUMBNAILImage,6,,,,,,6
CVE-2021-20312,EncipherAESBlock,3,,7.0.11-2;7.0.11-3;7.0.11-4,,,,6
CVE-2021-20312,PasskeyEncipherImage,3,,7.0.11-2;7.0.11-3;7.0.11-4,,,,6
CVE-2021-20312,TransformsRGBImage,3,,7.0.11-2;7.0.11-3;7.0.11-4,,,,6
CVE-2021-20312,PasskeyDecipherImage,3,,7.0.11-2;7.0.11-3;7.0.11-4,,,,6
CVE-2021-20312,RelinquishVirtualMemory,3,,7.0.11-2;7.0.11-3;7.0.11-4,,,,6
CVE-2021-20312,sRGBTransformImage,3,,7.0.11-2;7.0.11-3;7.0.11-4,,,,6
CVE-2021-20312,WriteTHUMBNAILImage,6,,,,,,6
CVE-2021-20313,EncipherAESBlock,3,,7.0.11-2;7.0.11-3;7.0.11-4,,,,6
CVE-2021-20313,PasskeyEncipherImage,3,,7.0.11-2;7.0.11-3;7.0.11-4,,,,6
CVE-2021-20313,TransformsRGBImage,3,,7.0.11-2;7.0.11-3;7.0.11-4,,,,6
CVE-2021-20313,PasskeyDecipherImage,3,,7.0.11-2;7.0.11-3;7.0.11-4,,,,6
CVE-2021-20313,RelinquishVirtualMemory,3,,7.0.11-2;7.0.11-3;7.0.11-4,,,,6
CVE-2021-20313,sRGBTransformImage,3,,7.0.11-2;7.0.11-3;7.0.11-4,,,,6
CVE-2021-20313,WriteTHUMBNAILImage,6,,,,,,6
CVE-2021-20309,WaveImage,3,,7.0.11-2;7.0.11-3;7.0.11-4,,,,6
CVE-2021-20310,ConvertXYZToJzazbz,3,,7.0.11-2;7.0.11-3;7.0.11-4,,,,6
CVE-2021-3574,ReadTIFFImage,4,,,,,,4
CVE-2021-3610,ReadTIFFImage,3,,7.0.11-14;7.1.0-0;7.1.0-1,,,,6
CVE-2023-34153,ReadVIDEOImage,4,7.1.0-1;7.1.0-2,,,,,6
CVE-2023-34153,IsVIDEO,3,,7.1.1-11;7.1.1-12;7.1.1-13,,,,6
CVE-2023-3195,ReadTIFFImage,2,,7.1.1-2;7.1.1-3;7.1.1-4,,,,5
CVE-2021-3962,ReadDCMImage,1,,7.1.0-15;7.1.0-16;7.1.0-17,,,,4
CVE-2022-0284,WritePICONImage,3,,7.1.0-20;7.1.0-21;7.1.0-22,,,,6
CVE-2022-32545,ReadPSDChannelPixels,6,,,,,,6
CVE-2022-1115,ReadTIFFImage,6,,,,,,6
CVE-2022-32546,ReadPCLImage,6,,,,,,6
CVE-2022-28463,ReadCINImage,4,,,,,,4
CVE-2022-32547,GetEXIFProperty,3,,7.1.0-30;7.1.0-31;7.1.0-32,,,,6
CVE-2022-3213,ReadTIFFImage,3,,7.1.0-48;7.1.0-49;7.1.0-50,,,,6
CVE-2023-1289,DrawPrimitive,3,,7.1.1-0;7.1.1-1;7.1.1-2,,,,6
CVE-2023-1906,ReadTIFFImage,1,,7.1.1-6;7.1.1-7;7.1.1-8,,,,4
CVE-2023-34474,ReadTIM2ImageData,3,,7.1.1-10;7.1.1-11;7.1.1-12,,,,6
CVE-2023-34474,ReplaceXmpValue,3,,,,,7.1.1-1;7.1.1-0;7.1.0-62,6
CVE-2023-34475,ReadTIM2ImageData,3,,7.1.1-10;7.1.1-11;7.1.1-12,,,,6
CVE-2023-34475,ReplaceXmpValue,3,,,,,7.1.1-1;7.1.1-0;7.1.0-62,6
CVE-2023-34151,FormatMagickCaption,3,,7.1.1-11;7.1.1-12;7.1.1-13,,,,6
CVE-2023-34151,ShearRotateImage,5,7.1.1-10,,,,,6
CVE-2023-34151,WritePS2Image,5,7.1.1-10,,,,,6
CVE-2023-34151,WritePS3Image,3,,7.1.1-11;7.1.1-12;7.1.1-13,,,,6
CVE-2023-34151,SVGStartElement,2,7.1.1-10,7.1.1-11;7.1.1-12;7.1.1-13,,,,6
CVE-2023-34151,ReadPCLImage,5,7.1.1-10,,,,,6
CVE-2023-34151,AnnotateImage,3,,7.1.1-11;7.1.1-12;7.1.1-13,,,,6
CVE-2023-34151,WritePDFImage,3,,7.1.1-11;7.1.1-12;7.1.1-13,,,,6
CVE-2023-34151,ReadLABELImage,5,7.1.1-10,,,,,6
CVE-2023-34151,RenderMVGContent,3,7.1.1-10,7.1.1-12;7.1.1-13,,,,6
CVE-2023-34151,WritePSImage,5,7.1.1-10,,,,,6
CVE-2023-34151,ShadowImage,3,,7.1.1-11;7.1.1-12;7.1.1-13,,,,6
CVE-2023-34151,ReadCAPTIONImage,5,7.1.1-10,,,,,6
CVE-2023-34151,ParseMetaGeometry,3,,7.1.1-11;7.1.1-12;7.1.1-13,,,,6
CVE-2023-34152,OpenBlob,3,,7.1.1-11;7.1.1-12;7.1.1-13,,,,6
CVE-2023-3428,ReadTIFFImage,3,,7.1.1-13;7.1.1-14;7.1.1-15,,,,6
CVE-2023-5341,ReadBMPImage,3,,7.1.1-20;7.1.1-21;7.1.1-22,,,,6
