Version,Last Modified
2.10,2000-11-7
2.11,2001-4-4
2.10.1,2000-11-7
2.10.1a,2011-8-31
2.10,2000-6-23
2.11,2001-6-19
2.11.2,2001-6-19
2.11.2a,2011-8-31
2.11,2001-4-4
2.12,2002-5-15
2.12.1,2002-5-15
2.12.1a,2011-8-31
2.12,2002-3-9
2.13,2002-11-8
2.13.1,2002-11-8
2.13.2,2002-12-29
2.13.2.1,2003-1-2
2.13.2.1a,2011-8-31
2.13.2,2002-12-29
2.13,2002-8-6
2.14,2003-6-12
2.14a,2011-8-31
2.15,2004-5-17
2.15a,2011-8-31
2.16,2005-6-12
2.16.1,2005-6-12
2.16.1a,2011-8-31
2.16,2005-5-3
2.17,2006-6-23
2.17a,2011-8-31
2.18,2007-8-28
2.18a,2011-8-31
2.19.1,2009-2-2
2.19.1a,2011-8-31
2.19,2008-10-16
2.20,2010-3-3
2.20.1,2010-3-3
2.20.1a,2011-8-31
2.20,2009-10-16
2.21,2011-6-27
2.21.1,2011-6-27
2.21.1a,2011-8-31
2.21,2010-12-8
2.22,2011-11-21
2.23.1,2012-11-13
2.23.2,2013-3-25
2.23,2012-10-22
2.24,2013-12-2
2.25,2015-7-21
2.25.1,2015-7-21
2.25,2014-12-23
2.26,2016-6-29
2.26.1,2016-6-29
2.26,2016-1-25
2.27,2016-8-3
2.28,2017-7-25
2.28.1,2017-7-25
2.28,2017-3-2
2.29.1,2017-9-25
2.29,2017-7-24
2.30,2018-1-27
2.31.1,2018-7-18
2.31,2018-7-14
2.32,2019-2-2
2.33.1,2019-10-12
2.34,2020-2-1
2.35.1,2020-9-19
2.35.2,2021-1-30
2.35,2020-7-24
2.36.1,2021-2-6
2.37,2021-7-18
2.38,2022-2-9
2.39,2022-8-5
2.40,2023-1-14
2.41,2023-7-30
2.42,2024-1-29
2.43.1,2024-8-17
2.43,2024-8-4
2.44,2025-2-2