tag,date,commit_sha
AFTER_COMPAQ_PATCH,2002-05-22,a13ec6774df5f00731e5ee210d741e39ec28bcd0
BEFORE_COMPAQ_PATCH,2002-05-21,fe8767737bbbaf83102920ac5f6ec77f0b3e76d2
BEFORE_engine,2000-10-26,1df586bec20de86c3086181c565aaee7629bb0a2
BEN_FIPS_TEST_1,2003-10-08,f25b0dddbb5ccba4ec0dc8fb4536860b14bd46e0
BEN_FIPS_TEST_2,2003-10-22,fdf12fd4556cca445044192ba8788bee3579e966
BEN_FIPS_TEST_3,2003-10-28,ffe8370a18f8123bb2b65a78c80977a51f3438ac
BEN_FIPS_TEST_4,2004-01-06,c7f38650d634a1d5abd43850fe31d6a69ac05c6a
BEN_FIPS_TEST_5,2004-02-02,e6738d4be8d4ef42f213921351e7e9df79be7d1a
BEN_FIPS_TEST_6,2004-12-13,543e15a3c0139e6026ce194f8c8465fb9a559986
BEN_FIPS_TEST_7,2004-12-20,fe707c3260cb44f5e7d701cf87e1197712ec7d43
BEN_FIPS_TEST_8,2005-05-24,20a413620c599325eeb568d7d9c9e04d86eb29c2
FIPS_TEST_9,2005-06-07,3da3c85a3f02b244dfaeadfeb7d8d0554f9d0f45
FIPS_TEST_10,2005-06-27,bb67f28a1ea032b8cc338b4a510b2c885d32d876
FIPS_098_TEST_1,2007-07-02,a334b0436df5b012be242414ebbc3d2ee6118ed7
FIPS_098_TEST_2,2007-07-19,0712210f03e5aa6ea37b37028aed8d24eb7a00f0
FIPS_098_TEST_3,2007-08-19,03b7b4690c772a1f92f57969e08ff4ac1fb7570d
FIPS_098_TEST_4,2007-08-21,4d27e3d339ea3e6bff22f96ef2f7b67dc25899d7
FIPS_098_TEST_5,2007-08-29,7c78f06301b310630a5e7f470aa7c69f05f053cc
FIPS_098_TEST_6,2007-09-07,437bafa5ccab79141595cfd3b624997eb95c1f76
FIPS_098_TEST_7,2007-09-22,e6e5592a509eb5d3da6270e808acc06c668d1fa7
FIPS_098_TEST_8,2007-10-05,2f9048b8a13c25625168cf5944cb5c6d1e532583
LEVITTE_after_const,2004-03-15,828f94d8521cc9ebf4f28b203510bfdc5eb7a178
LEVITTE_before_const,2004-03-15,3e35b3a1a317d910e87dab1c832d0678a790a8f5
OpenSSL_FIPS_1_0,2006-02-07,bf059c2efc4db5c09970fd3d2c392432b0ac6a12
OpenSSL_0_9_1c,1998-12-23,320a14cb5b12cbdd2ff4d81c1e9a2ea7a139a038
OpenSSL_0_9_2b,1999-03-22,8af354d44907dc89fbc41a03af4e5d71b8bcd7b9
OpenSSL_0_9_3a,1999-05-29,033d858cc22eaca6ee6a6414e378be359ab112ca
OpenSSL_0_9_3beta1,1999-05-20,35b351549024d86e56af3ea8456b9ccd1d67add0
OpenSSL_0_9_3beta2,1999-05-23,24abc46963e72f625edd0e60f50f98ce3b5cb3a4
OpenSSL_0_9_3,1999-05-24,09befa19058989c75fbdf580a263d7aa6be8ec8b
OpenSSL_0_9_4,1999-08-09,2c720c746b18fa2eef4be4ad21c9352a5417b583
OpenSSL_0_9_5a,2000-04-01,5e61580bbd2ee37a30e8d0afdcc45be1555592d8
OpenSSL_0_9_5a-beta1,2000-03-20,fc450b24b4e1d6e8602905290af5aa6de9f46b8c
OpenSSL_0_9_5a-beta2,2000-03-23,97197984aafa9f9fdbf1ea96c7d39ef8226ccee7
OpenSSL_0_9_5beta1,2000-02-24,5921ea3bcf01cb8997ab823cb21a2f4390932a20
OpenSSL_0_9_5beta2,2000-02-27,a1a426ea206ffa5ad8aea089f7d70d8d04a3a210
OpenSSL_0_9_5,2000-05-25,b6079a7835f61daa9fb2cbf9addfa86049523933
OpenSSL_0_9_6-beta1,2000-10-10,690dba1a9f032ed803be54e0b2c1b4622b1ebdb9
OpenSSL_0_9_6-beta2,2000-10-10,978ac5339837285a9e2f5970d308f1de8eae2b2c
OpenSSL_0_9_6-beta3,2000-09-21,d40898dfabe3b888f752a2a61e1bbcf06264e604
OpenSSL_0_9_6a,2001-04-05,82c680ac51ea9006d0f1843836102405f2625567
OpenSSL_0_9_6a-beta1,2001-03-13,15922ccdf6ec84eee23e1dad8e84d6a5dd7c6166
OpenSSL_0_9_6a-beta2,2001-03-21,f14aa3011883cde5c7a13be2caaf46fb4fe06506
OpenSSL_0_9_6a-beta3,2001-03-30,86cb01870c631271f540a7ccfa989bd9e802dd43
OpenSSL_0_9_6b,2001-07-09,483c4e0682d95e59369fe3e8839be0b25b2ea0a1
OpenSSL_0_9_6c,2001-12-21,b2f570ecbb0b2157167b496541306ed2c0070a24
OpenSSL_0_9_6d,2002-05-09,5317543ada093f69dcb6f15f5dc0b5857b490e9e
OpenSSL_0_9_6d-beta1,2002-04-17,c387a61fdd62c0351e0334677589a95b9680ca68
OpenSSL_0_9_6e,2002-07-30,05ebb1e7cfd8dd7b43f306dd0356097fefaf4159
OpenSSL_0_9_6f,2002-08-08,df75a709c9963972f7635ead20ff7b07b18f80b6
OpenSSL_0_9_6g,2002-08-09,4c68b3239bf44f8af71a9da8793e75e26b2432f0
OpenSSL_0_9_6h,2002-12-05,631cdb9f690e78d71e417e9315ef68acc87053b7
OpenSSL_0_9_6i,2003-02-19,84c1d096e4a8d4b1748cf484421349e3e17f11c1
OpenSSL_0_9_6j,2003-04-10,e352a9e6ecb320f849e41f8d349c2813729de6d3
OpenSSL_0_9_6k,2003-09-30,0a0a3ea3399989ab904e8dab15aa57c0f67e5146
OpenSSL_0_9_6l,2003-11-04,83f70d68d6c3086241c041ba26786fd822179f2e
OpenSSL_0_9_6m,2004-03-17,8ccf402239a07d23ab308c9dc11bfbe59bad3e65
OpenSSL_0_9_6,2000-10-10,ca1b56f3d03e4aeb729bfdb7aa32042d27770043
OpenSSL_0_9_7-beta1,2002-06-01,3ae184d31fa7c0b7e4ca4ac52fbfb40a912d9786
OpenSSL_0_9_7-beta2,2002-06-16,48acb9e08a964cc0ad3babe66836f14fd83eeb93
OpenSSL_0_9_7-beta3,2002-07-30,e970fa002278deb23221798aab53d8a1bb03a429
OpenSSL_0_9_7-beta4,2002-11-19,782ded56e5f9f1c94486d1bed20e1f6718df6996
OpenSSL_0_9_7-beta5,2002-12-06,2b61c272877e7cc4af5154b21116186628e0eb8f
OpenSSL_0_9_7-beta6,2002-12-17,fcf8f4d4530d56f36ead7aa1064b6912a0739f4e
OpenSSL_0_9_7a,2003-02-19,6fcf1dbc5042e5d0a1e16081d02d9fe500e76d86
OpenSSL_0_9_7b,2003-04-10,110c6f72ecefe6afc8b5d2622af2c2dfa14b2323
OpenSSL_0_9_7c,2003-09-30,68f0bcfbc36d5180b62fd8e5971ad924e930355a
OpenSSL_0_9_7d,2004-03-17,2e80b1fb49313ce9c31af1c990faf53c3862e14d
OpenSSL_0_9_7e,2004-10-25,bfb7bac83b98d57e163a6d2eceda9073761ac708
OpenSSL_0_9_7f,2005-03-22,d99382039c26a2abf057fca2c1bc4417af458f7a
OpenSSL_0_9_7g,2005-04-11,22e5a7935f23ec9568a79b024538580e54096e7b
OpenSSL_0_9_7h,2005-10-11,a40916cbba82e54f632c5312b4c02248ba49760e
OpenSSL_0_9_7i,2005-10-14,deab8d939291a7a4c6c66d60409e55a4e6357b19
OpenSSL_0_9_7j,2006-05-04,d26d2361624e1e2d20fd093b099a7d4f1b004a5c
OpenSSL_0_9_7k,2006-09-05,975a7a483f8ea09c7b41b4246aef421c670c4414
OpenSSL_0_9_7l,2006-09-28,c830c1a209b7159c21a4c609623ee1c723d1f5c9
OpenSSL_0_9_7m,2007-02-23,10626fac1569ea37839c37b105681cd08dbe6658
OpenSSL_0_9_7,2002-12-30,04572965ea98f522b9992f1356c2ea4aaaa82875
OpenSSL_0_9_8-beta1,2005-05-19,fa96ed06d2f6df5680e6c7cb80cb7f7194a22d69
OpenSSL_0_9_8-beta2,2005-05-24,ce8945f35c4e5f38c6ed2d32ca55d26e79a12c61
OpenSSL_0_9_8-beta3,2005-05-30,51d355fac26c006fe2d1e62de3cfe101f10e48a6
OpenSSL_0_9_8-beta4,2005-06-06,fcd12fc0f13ea2f578260aafe357460b90b5e9ff
OpenSSL_0_9_8-beta5,2005-06-13,d9dbd24db5e4675700478904cfdd1a3320502329
OpenSSL_0_9_8-beta6,2005-06-21,09a7f2e734f20a69184cc7747b377358955fa7c0
OpenSSL_0_9_8-post-auto-reformat,2015-02-09,6f1f3c665331d73c4ec08d653d100fa52c44cd60
OpenSSL_0_9_8-post-reformat,2015-02-09,02f0c26cea09e4ea847fba303a856b9475382ba5
OpenSSL_0_9_8-pre-auto-reformat,2015-02-09,9d03aabea3ead1fe6a194297ddffd4a87f89b93c
OpenSSL_0_9_8-pre-reformat,2015-02-09,ba442a7e1ba96d0b189bc627a2a750c928a42d13
OpenSSL_0_9_8a,2005-10-11,64932f9e4aab568f758ad8318ea99774bbcfbbbd
OpenSSL_0_9_8b,2006-05-04,f871949efd831116c9e7b138c206f284f1278d61
OpenSSL_0_9_8c,2006-09-05,0a0a10d127daab0ba138b6fdf746366d9247dc88
OpenSSL_0_9_8d,2006-09-28,47c4bb2ddf5b7de325c7637d17bfb57277e79e30
OpenSSL_0_9_8e,2007-02-23,d2cb94952abb3e4d9fbdc5eb57dbac156f56110f
OpenSSL_0_9_8f,2007-10-11,2bf03f2389c44bdb40ca48fe6132343b8c71b64c
OpenSSL_0_9_8g,2007-10-19,bfa33c7e91137770ad7e430968d9aa5ca0089714
OpenSSL_0_9_8h,2008-05-28,0d01d8a7359e311b461cd1b964ce90d0699c2a2f
OpenSSL_0_9_8i,2008-09-15,0a4fda742b243025933b57ae4f931224722e0d22
OpenSSL_0_9_8j,2009-01-07,6287fa53962a88881be5b5b8939491c384e0bdd2
OpenSSL_0_9_8k,2009-03-25,67956bda58a1692d67a9ec0c75390a29e5ce27cd
OpenSSL_0_9_8l,2009-11-05,1917fb6dd84e0a572f258a2931802224eb92b5c1
OpenSSL_0_9_8m,2010-02-25,7070cdba4e2008e10807928d9c7f8bd7d3af34b2
OpenSSL_0_9_8m-beta1,2010-01-20,8b8a2928afd00447b0f0e5942f93b61eb636e5e8
OpenSSL_0_9_8n,2010-03-24,4fae868811dab819213b673fc82227d64bd6824b
OpenSSL_0_9_8o,2010-06-01,22872a536328f52f3cbed8607107d7afbc8881f0
OpenSSL_0_9_8p,2010-11-16,82e0073624582bdfc503be66cf8526eb068ba603
OpenSSL_0_9_8q,2010-12-02,acd43bf38cfd0f5b7e85d7a8c7e2a8c9d45b40b1
OpenSSL_0_9_8r,2011-02-08,957ebe98fb0c66bf1fb241efd96a1160cd8cf5ce
OpenSSL_0_9_8s,2012-01-04,a95808334e640bd112b6ded097407beb7e3923ef
OpenSSL_0_9_8t,2012-01-18,f71d59c70ed65beaa51de719848901284bb1fd04
OpenSSL_0_9_8u,2012-03-12,215276243d74b89fc8c28509d16dd2a107c65946
OpenSSL_0_9_8v,2012-04-19,fef9e0793071cc0e6f2fd5942760e206d354adad
OpenSSL_0_9_8w,2012-04-23,e0c020334100e17adf1640c9b4ee27457e077633
OpenSSL_0_9_8x,2012-05-10,b71e69ad8e8e19337aa7b36bc1f921050dd5bff3
OpenSSL_0_9_8y,2013-02-05,8964efc413f281a6cacaa83c1c642e8a531613ba
OpenSSL_0_9_8za,2014-06-05,047ec5d196bb7d41491e95b554f11154e27a931a
OpenSSL_0_9_8zb,2014-08-06,1c5f396d3658562cf2eb969d9cba769aa33a9b00
OpenSSL_0_9_8zc,2014-10-15,36216218ca1eeac5cc4ed4042283f4a3936bcbde
OpenSSL_0_9_8zd,2015-01-08,b873409efee1731171f78d8eb456b57aa4b7d0ff
OpenSSL_0_9_8ze,2015-01-15,e8ccaee31caa9376dd752b45a8f1a62259a69867
OpenSSL_0_9_8zf,2015-03-19,db8334be06a6573203f29d12f00f45ed69a987cc
OpenSSL_0_9_8zg,2015-06-11,0823ddc56e9aaa1de6c4f57bb45457d5eeca404d
OpenSSL_0_9_8zh,2015-12-03,c2ef67100cd0ca2321b5f1a437abb93fc7e11e37
OpenSSL_0_9_8,2005-07-05,f254b540b8746c24bd0bb2a5249c7b30004a42f2
OpenSSL_1_0_0-beta1,2009-04-01,e614ec476957b0b09a2b302c3d68003ed8395ed5
OpenSSL_1_0_0-beta2,2009-04-21,d8faad27b70ccab9aad1a4af815f4d07cc5da1b5
OpenSSL_1_0_0-beta3,2009-07-15,65fc4c55bea222e4ba542b383a32bdc7534e058b
OpenSSL_1_0_0-beta4,2009-11-10,56327ebe6a7675001b382ca5e5531c598e1b2261
OpenSSL_1_0_0-beta5,2010-01-20,bc0ecd202ab37f02b9d7dd610cbb0cf98db9fb52
OpenSSL_1_0_0-post-auto-reformat,2015-02-09,4bc991384404d05e49e3aa622c142c7b7d05ef7b
OpenSSL_1_0_0-post-reformat,2015-02-09,3d7a9aca8c400683d2fb7eca799fa547f70e4832
OpenSSL_1_0_0-pre-auto-reformat,2015-02-09,e3db68b766609ad5a3d1ab1fbf68d9286e6cf8b3
OpenSSL_1_0_0-pre-reformat,2015-02-09,569c68744ab18ff48074a683a57962d959fcb13c
OpenSSL_1_0_0a,2010-06-01,9c7baca82035710d13f87bccef4f3c4a07b31d8c
OpenSSL_1_0_0b,2010-11-16,ef024929082e8c2f9ec93a1ca5e7084bd38a4c04
OpenSSL_1_0_0c,2010-12-02,76474e519fac0584bda39c8d7bbe0a1128239fa4
OpenSSL_1_0_0d,2011-02-08,6545372c249d287687bbb8dec80ee76b0e7cac43
OpenSSL_1_0_0e,2011-09-06,bba8456e65cf0316b2639f3c4f11eb501f36fa25
OpenSSL_1_0_0f,2012-01-04,c90c41f09da5b0b0b56a3b3e1fe83f42ef590dee
OpenSSL_1_0_0g,2012-01-18,703ec840dcdacf62de576f1a67c789ca6b225e00
OpenSSL_1_0_0h,2012-03-12,dc95c53c6f3fc9007fea9376d02f7bd82d2a0fb4
OpenSSL_1_0_0i,2012-04-19,d0e542fdc9c6ce31899c50ed6c0a3fbcbbb29f97
OpenSSL_1_0_0j,2012-05-10,8fcb93613a72948de4e157d5516045743da2428a
OpenSSL_1_0_0k,2013-02-06,d9e048ceac64d3f2cfa8b153271acd309e6a5edb
OpenSSL_1_0_0l,2014-01-06,7f94a3c3de881a876ccf945093ec451881ebec30
OpenSSL_1_0_0m,2014-06-05,4bee980bb5d8f751a3a0500e6979983e40fd1bea
OpenSSL_1_0_0n,2014-08-06,bb505311c6abc8db675f384d396b318cb1007585
OpenSSL_1_0_0o,2014-10-15,41da9188cc1d7bb49831d2e27f7a5b8353d53024
OpenSSL_1_0_0p,2015-01-08,225628f280d79dda31d135f96e231807d06e38c3
OpenSSL_1_0_0q,2015-01-15,cdac2e8928ca483843bfa3b527efb16e7f83bd60
OpenSSL_1_0_0r,2015-03-19,81741de632c9952d8b25afd15a280ff6424931b3
OpenSSL_1_0_0s,2015-06-11,a06ec5a26fdb24fd829abef54422d94521ddd14a
OpenSSL_1_0_0t,2015-12-03,ce052c8437fb97cbc57f034fa94b5bcd749dbf52
OpenSSL_1_0_0,2010-03-29,91bad2b09eb2ad77da8aca29f80f2d0677e75423
OpenSSL_1_0_1-beta1,2012-01-03,ab585551c0a577d9a91825d446465905a5ea17e3
OpenSSL_1_0_1-beta2,2012-01-19,e2dfb655f798831ffb29242ad804013ddb0c5d5b
OpenSSL_1_0_1-beta3,2012-02-23,08e4c7a967cc9d82264d125440d8b17b912bd250
OpenSSL_1_0_1-post-auto-reformat,2015-02-09,47050853f13b07f91b5b4a058dcb188621296f21
OpenSSL_1_0_1-post-reformat,2015-02-09,cda8845ded7c0739c9142283ed4c449130b1b546
OpenSSL_1_0_1-pre-auto-reformat,2015-02-09,e498b83fed7025eeacb4dd2ad183c3f6236467b2
OpenSSL_1_0_1-pre-reformat,2015-02-09,3a9a0321638ae13957b66baae6d4955597fc128d
OpenSSL_1_0_1a,2012-04-19,531c6fc8f3bc6c8413a1604562934fa77e49c39f
OpenSSL_1_0_1b,2012-04-26,88be4ebfbc2457881de43bacc1f38a0bce4420b0
OpenSSL_1_0_1c,2012-05-10,f9885acc8cd1403afcd09570c89a009e8bd1dc19
OpenSSL_1_0_1d,2013-02-05,62f4033381a013c8a8edb6db5345da678495d94f
OpenSSL_1_0_1e,2013-02-11,46ebd9e3bb623d3c15ef2203038956f3f7213620
OpenSSL_1_0_1f,2014-01-06,0d8776344cd7965fadd870e361503985df9c45bb
OpenSSL_1_0_1g,2014-04-07,b2d951e4232d2f90168f9a3dd0b7df9ecf2d81a8
OpenSSL_1_0_1h,2014-06-05,6b72417a00b803680edc9be214c1b3dd9dae203d
OpenSSL_1_0_1i,2014-08-06,2b456034457b58454aae3998a2765b6a5b9bc837
OpenSSL_1_0_1j,2014-10-15,872e681c00a713e840ebed77a4e05fa0e181f16f
OpenSSL_1_0_1k,2015-01-08,b4a57c4c419a578d1a16862a6b445c34003b4c52
OpenSSL_1_0_1l,2015-01-15,b83ceba7d51e846cf24433aa3c417bfd62b3ffa5
OpenSSL_1_0_1m,2015-03-19,506c1068801fdeef5cb00f2053854bf56150fb6d
OpenSSL_1_0_1n,2015-06-11,517899e6c8af47d4972dcf9b375386631f6c93f1
OpenSSL_1_0_1o,2015-06-12,2a8c2799e1227a020d60a32ff8d0a12544e35c50
OpenSSL_1_0_1p,2015-07-09,5ab53da9fbc96b9740a48b318aab845d6616eee4
OpenSSL_1_0_1q,2015-12-03,55615e8d48a4ddd684fcbfc7ba6523ed6414c8fc
OpenSSL_1_0_1r,2016-01-28,09ccb58518e84f76939f7e69929723263a42ca2e
OpenSSL_1_0_1s,2016-03-01,57ac73fb5d0a878f282cbcd9e7951c77fdc59e3c
OpenSSL_1_0_1t,2016-05-03,3d2e575b3f71b4d66c0b948d411d8e936f192127
OpenSSL_1_0_1u,2016-09-22,888759a1d38197f29de7227876c3b58fbff8549f
OpenSSL_1_0_1,2012-03-14,49f6cb968ff63793f6671d9026fb2a7034dad79a
OpenSSL_1_0_2-beta1,2014-02-24,94f416601754dbe65e287f8e1eca01fa32f74a7a
OpenSSL_1_0_2-beta2,2014-07-22,2f63ad1c6daa61614f3d58de0889bf68e9f75853
OpenSSL_1_0_2-beta3,2014-09-25,2c5db8dac3a06fe5b2c889838a606138ee3542ed
OpenSSL_1_0_2-post-auto-reformat,2015-02-09,323d39e87f86bc4524881942aafc7539532aefff
OpenSSL_1_0_2-post-reformat,2015-02-09,83975c80bbc3e84cc605e0491707a6517f5dd346
OpenSSL_1_0_2-pre-auto-reformat,2015-02-09,aae3233e1e08e9f11742f8f351af5c98cd8add16
OpenSSL_1_0_2-pre-reformat,2015-02-09,43257b9f51de749262258668c77c2f0f99d7a15b
OpenSSL_1_0_2a,2015-03-19,3df69d3aefde7671053d4e3c242b228e5d79c83f
OpenSSL_1_0_2b,2015-06-11,7b560c174dcd569795f5be66e0c091d1be440614
OpenSSL_1_0_2c,2015-06-12,0ee5fcde06827b041023e5a596d58da98e53740c
OpenSSL_1_0_2d,2015-07-09,33dd08320648ac71d7d9d732be774ed3818dccc5
OpenSSL_1_0_2e,2015-12-03,bfe07df40c13ea2564bb4577620180e3f4849e23
OpenSSL_1_0_2f,2016-01-28,95605f3ae1ec8857e8cb612ce35805a3b0207d21
OpenSSL_1_0_2g,2016-03-01,902f3f50d051dfd6ebf009d352aaf581195caabf
OpenSSL_1_0_2h,2016-05-03,5dd94f1847c744929a3bd24819f1c99644bb18c7
OpenSSL_1_0_2i,2016-09-22,32c130160f7dac2cef5d0e30d94b335e4a87104d
OpenSSL_1_0_2j,2016-09-26,e216bf9d7ca761718f34e8b3094fcb32c7a143e4
OpenSSL_1_0_2k,2017-01-26,081314d07705aa58912845c213a48414d8f616a9
OpenSSL_1_0_2l,2017-05-25,b3a3bab05ce32964ee32cbfe97cbe3edee5cf4a9
OpenSSL_1_0_2m,2017-11-02,8b1549a153a62e9878327d05aa3b6622b416ec10
OpenSSL_1_0_2n,2017-12-07,e5bba24cd8bb3e5127a578b85c6edf013a38ea6d
OpenSSL_1_0_2o,2018-03-27,3ce7bc40a3c48da1c96c2d04c10045bd797c6aa3
OpenSSL_1_0_2p,2018-08-14,e71ebf275da66dfd601c92e0e80a35114c32f6f8
OpenSSL_1_0_2q,2018-11-20,5707219a6aae8052cb98aa361d115be01b8fd894
OpenSSL_1_0_2r,2019-02-26,b34cf4eb616446a1ee7bd0db0a625edf25047342
OpenSSL_1_0_2s,2019-05-28,cf9143f945a67f3d540e2704fdbdf1bdc985233d
OpenSSL_1_0_2t,2019-09-10,cd7c7fc20b9feeb900632389401f514ac6b82f16
OpenSSL_1_0_2u,2019-12-20,e818b74be2170fbe957a07b0da4401c2b694b3b8
OpenSSL_1_0_2,2015-01-22,4ac0329582829f5378d8078c8d314ad37db87736
OpenSSL_1_1_0-pre1,2015-12-10,22c21b60afb33bf32f91560e7c29c21588429420
OpenSSL_1_1_0-pre2,2016-01-14,bd31d02e412f80f53073a1eb776dffe06ac91746
OpenSSL_1_1_0-pre3,2016-02-15,c2bbf058736b8cb5b32e78a50d1410fa34cc8284
OpenSSL_1_1_0-pre4,2016-03-16,e711d13af3e3bee1c6423c27eeb48ad4921d4fc3
OpenSSL_1_1_0-pre5,2016-04-19,68072bcfe1cea2c8026a76b01cdc4db3c1172d9c
OpenSSL_1_1_0-pre6,2016-08-04,2f554efe20d1fe05b242f41f593362965ae89912
OpenSSL_1_1_0a,2016-09-22,ac2c44c6289f9716de4c4beeb284a818eacde517
OpenSSL_1_1_0b,2016-09-26,16c34d4f74e16443cfdc99f2a49ebb1ba3c37db3
OpenSSL_1_1_0c,2016-11-10,91eaf079b7430cb4ebb7f3ccabe74aa383b27c4e
OpenSSL_1_1_0d,2017-01-26,8a4d96ac8227f39043735faa9e9a30e22818f5e8
OpenSSL_1_1_0e,2017-02-16,0453163e9a9052884cce288ff3e2acb77725a239
OpenSSL_1_1_0f,2017-05-25,577d7010c6ffa98e8dc61d8826693db9d8f57bd5
OpenSSL_1_1_0g,2017-11-02,b2758a2292aceda93e9f44c219b94fe21bb9a650
OpenSSL_1_1_0h,2018-03-27,d4e4bd2a8163f355fa8a3884077eaec7adc75ff7
OpenSSL_1_1_0i,2018-08-14,97c0959f27b294fe1eb10b547145ebef2524b896
OpenSSL_1_1_0j,2018-11-20,74f2d9c1ec5f5510e1d3da5a9f03c28df0977762
OpenSSL_1_1_0k,2019-05-28,fb83aaf6a163438149570b344c6c75a6aa977ae9
OpenSSL_1_1_0l,2019-09-10,7ea5bd2b52d0e81eaef3d109b3b12545306f201c
OpenSSL_1_1_0,2016-08-25,abd30777cc72029e8a44e4b67201cae8ed3d19c1
OpenSSL_1_1_1-pre1,2018-02-15,dcfa88bb29686f485dbd0e3e3800a7f79b462546
OpenSSL_1_1_1-pre2,2018-02-27,6941960602658a52742786978fe8e677548f89bf
OpenSSL_1_1_1-pre3,2018-03-20,be2df12a349eae53805dd3cb19aa18e3d022acd7
OpenSSL_1_1_1-pre4,2018-04-03,facdcba99b4f7c1bcd209c9ecec9a9c595c064f5
OpenSSL_1_1_1-pre5,2018-04-17,4ff3df161c8b0caf0acac2e0a19980ccd4173a66
OpenSSL_1_1_1-pre6,2018-05-01,a910a9e98f08c48c4ea24651a29872e71748f969
OpenSSL_1_1_1-pre7,2018-05-29,77cdad318446ca8ea2ba8294d9e70891b59503e2
OpenSSL_1_1_1-pre8,2018-06-20,3098c3bd12530b11d2944e0bc8115f6471e4d41c
OpenSSL_1_1_1-pre9,2018-08-21,bb20b3fd507b635607eddd895dbcad08e0ed8793
OpenSSL_1_1_1a,2018-11-20,d1c28d791a7391a8dc101713cd8646df96491d03
OpenSSL_1_1_1b,2019-02-26,50eaac9f3337667259de725451f201e784599687
OpenSSL_1_1_1c,2019-05-28,97ace46e11dba4c4c2b7cb67140b6ec152cfaaf4
OpenSSL_1_1_1d,2019-09-10,894da2fb7ed5d314ee5c2fc9fd2d9b8b74111596
OpenSSL_1_1_1e,2020-03-17,a61eba4814fb748ad67e90e81c005ffb09b67d3d
OpenSSL_1_1_1f,2020-03-31,36eadf1f84daa965041cce410b4ff32cbda4ef08
OpenSSL_1_1_1g,2020-04-21,e2e09d9fba1187f8d6aafaa34d4172f56f1ffb72
OpenSSL_1_1_1h,2020-09-22,f123043faa15965c34947670ff3d3a7005d6bdb4
OpenSSL_1_1_1i,2020-12-08,90cebd1b216e0a160fcfd8e0eddca47dad47c183
OpenSSL_1_1_1j,2021-02-16,52c587d60be67c337364b830dd3fdc15404a2f04
OpenSSL_1_1_1k,2021-03-25,fd78df59b0f656aefe96e39533130454aa957c00
OpenSSL_1_1_1l,2021-08-24,fb047ebc87b18bdc4cf9ddee9ee1f5ed93e56aff
OpenSSL_1_1_1m,2021-12-14,ac3cef223a4c61d6bee34527b6d4c8c6432494a7
OpenSSL_1_1_1n,2022-03-15,d82e959e621a3d597f1e0d50ff8c2d8b96915fd7
OpenSSL_1_1_1o,2022-05-03,ca2e0784d2c38edcefd5d68028f4d954bd8faddb
OpenSSL_1_1_1p,2022-06-21,8aaca20cf9996257d1ce2e6f4d3059b3698dde3d
OpenSSL_1_1_1q,2022-07-05,29708a562a1887a91de0fa6ca668c71871accde9
OpenSSL_1_1_1r,2022-10-11,fbda8a9e3b6266da377a6f57d597d657257d9cff
OpenSSL_1_1_1s,2022-11-01,129058165d195e43a0ad10111b0c2e29bdf65980
OpenSSL_1_1_1t,2023-02-07,830bf8e1e4749ad65c51b6a1d0d769ae689404ba
OpenSSL_1_1_1u,2023-05-30,70c2912f635aac8ab28629a2b5ea0c09740d2bda
OpenSSL_1_1_1v,2023-08-01,9398e4038c27d5ef15111c61e984d4d2be8a52a8
OpenSSL_1_1_1w,2023-09-12,e04bd3433fd84e1861bf258ea37928d9845e6a86
OpenSSL_1_1_1,2018-09-11,1708e3e85b4a86bae26860aa5d2913fc8eff6086
OpenSSL-engine-0_9_6-beta1,2000-09-11,da867a51a0052613349fc1190dd577398bc70d3d
OpenSSL-engine-0_9_6-beta2,2000-09-17,ce6990739eaa9f8a4a232cdb2fa008ce08480fec
OpenSSL-engine-0_9_6-beta3,2000-09-21,27f00db152edd80af8611e8f0d214988d8e9953a
OpenSSL-engine-0_9_6a,2001-04-05,5a9c441c6e739ef0e3585e7aaa544fdf074a1ad4
OpenSSL-engine-0_9_6a-beta1,2001-03-13,c4af8daf34aa3a6e56214a6cca66e47e04139680
OpenSSL-engine-0_9_6a-beta2,2001-03-21,a307eeba84e1a60279e22cef77758af1f78b2bb4
OpenSSL-engine-0_9_6a-beta3,2001-03-30,422830e17b4e5f533258cba458248977bdcef06a
OpenSSL-engine-0_9_6b,2001-07-09,7b24a1a33b72e8303c41406bd458346f6be00f57
OpenSSL-engine-0_9_6c,2002-02-15,02a473eeb99b4d46694bcb000d574a2190382334
OpenSSL-engine-0_9_6d,2002-05-09,e0b110267ddf7e00b5b6885c2634b4c07d4dc9ab
OpenSSL-engine-0_9_6d-beta1,2002-04-17,a5232ab0a02f95350d4d1eebcec34feba065ba1d
OpenSSL-engine-0_9_6e,2002-07-30,6cae350ad1e6a484d748c6cec33ab69c6bb6593a
OpenSSL-engine-0_9_6f,2002-08-08,8246c0607ad7cb76dd333d8cf7512e5fcd609f23
OpenSSL-engine-0_9_6g,2002-08-09,e463adeff88ede9a954cadc8ea2a63e224e3319b
OpenSSL-engine-0_9_6h,2002-12-05,c086616c3e1cbde1a7f84a0beb188ea4770b03b0
OpenSSL-engine-0_9_6i,2003-02-19,acc6c94a65e9b4124205096da5046ac0bdbdf9c4
OpenSSL-engine-0_9_6j,2003-04-10,5aeaff0bc05ec818b7549e7e12a3977c55f4c236
OpenSSL-engine-0_9_6k,2003-09-30,166f9b6f39a06e1fdc90dad65180d90c9efda8ba
OpenSSL-engine-0_9_6l,2003-11-04,99ed4cbb036ea9fa56725094584fec191feaa526
OpenSSL-engine-0_9_6m,2004-03-17,36800c36d63da1fd32f04d62c4e421dfa96b7667
OpenSSL-engine-0_9_6,2000-09-24,47dc5a132191c01536610063c5a4979e09319912
OpenSSL-fips-1_2_0,2007-10-05,2f9048b8a13c25625168cf5944cb5c6d1e532583
OpenSSL-fips-1_2_1,2011-09-25,d1321464f6c609d106d6af9a4e599661bf6c59b7
OpenSSL-fips-1_2_2,2011-09-25,6d0a5219aaba3ad8727b17e0513c0bcf9e61661c
OpenSSL-fips-1_2_3,2011-09-25,0b603bcc34c1d903d7fa5201dbc041962ce238f2
OpenSSL-fips-2_0-pl1,2012-10-19,3b4f1f302dd1d3a8b71d82bf3900802945a0b431
OpenSSL-fips-2_0-rc1,2011-10-26,cea5540e3837767f42e2ef516fa36dfe1fec0f06
OpenSSL-fips-2_0-rc2,2011-11-09,3b4fb53221cb13d3affd63477fc17a81978838f6
OpenSSL-fips-2_0-rc3,2011-11-18,c08128acc2dc5c4c8c1083f0f2bded2e1f097a0d
OpenSSL-fips-2_0-rc4,2011-11-19,0e508c12e0233bcfa308cfd6481fdcfe6a19f6d1
OpenSSL-fips-2_0-rc5,2011-11-25,9bd2dde42f59d60dfec149a28f8c91b6fb2cf717
OpenSSL-fips-2_0-rc6,2011-12-04,81fc8cd029e2915b1d3d7dfaaaf4d246daa3a954
OpenSSL-fips-2_0-rc7,2011-12-12,49dbcbaa4b844dae21c368e2e13fef07b143b085
OpenSSL-fips-2_0-rc8,2012-01-03,24fadf2a20f50d5623f61f2cc08f95c22b5ba75c
OpenSSL-fips-2_0-rc9,2012-01-18,1de6a6222241850c8e3acc81d3c5f2e39b838713
OpenSSL-fips-2_0,2012-01-18,1de6a6222241850c8e3acc81d3c5f2e39b838713
OpenSSL-fips-2_0_1,2012-10-04,7049d13c5fffab33b70c00df87c769966256f0a8
OpenSSL-fips-2_0_2,2013-04-10,2d183e4c44b1d18fe515739ec72c76d471a4b669
OpenSSL-fips-2_0_3,2013-04-10,4f6c4c1896f1fea63053468bfc599d3cf7da93f5
OpenSSL-fips-2_0_4,2013-12-16,b0ee17ad475c97f068c7314efafdd8a53d92af54
OpenSSL-fips-2_0_5,2013-12-16,4089bd6080d41450adab1e0ac0d63cfeab4a78e7
OpenSSL-fips-2_0_6,2014-05-12,2659a2aa7ca8cf17cae05d119fc3caee0480ddd6
OpenSSL-fips-2_0_7,2014-07-11,005563bbce6e66b9c481fd39574b0ffcd2a34292
OpenSSL-fips-2_0_8,2014-10-24,7fb7844f3b40b60c2df77e093398da55d7928e9d
OpenSSL-fips-2_0_9,2015-05-14,7447e65fccc95fa2ee97b40e43dc46f97e7b958b
OpenSSL-fips-2_0_10,2016-02-15,34f39b062c76fbd3082521b26edee7f53afc061d
OpenSSL-fips-2_0_11,2016-02-15,a0f8d282d728a3584f08ecb5f8321c37bb06dd28
OpenSSL-fips-2_0_12,2016-02-15,1278ce48a5c6afa1429b8e8cfd0f07ab0fc640bb
OpenSSL-fips-2_0_13,2016-11-14,894c04aa05ba1e64735d7beb9c2a1da93d288e31
OpenSSL-fips-2_0_14,2017-02-16,e1a9268d81238aa12acfb9725a13c858c8937cd7
OpenSSL-fips-2_0_15,2017-08-30,e576b67e1a79a846d45b641b73ee378db212d763
OpenSSL-fips-2_0_16,2017-08-31,d11e6a4410d5aae70ad545d085d344644c33d9cc
SSLeay_0_8_1b,1998-12-21,38ab41c238bf51518d672272f03923a106554852
SSLeay_0_9_0b,1998-12-21,eb43fa1a2ae03f179e486b8397066220fe697581
SSLeay_0_9_1b,1998-12-21,162d5f30bead20c01854e892debf58fb3b237d75
STATE_after_zlib,2002-12-08,a372f9bf25dee57fee70e8104ac0156cafd93b7e
STATE_before_zlib,2002-12-07,14cbc6ff45507ddb92ddf1449fcdc53b67552635
master-post-auto-reformat,2015-02-09,739a5eee619fc8c03736140828891b369f8690f4
master-post-reformat,2015-02-09,35a1cc90bc1795e8893c11e442790ee7f659fffb
master-pre-auto-reformat,2015-02-09,22b52164aaed31d6e93dbd2d397ace041360e6aa
master-pre-reformat,2015-02-09,4b618848f9beb8271f24883694e097caa70013c0
openssl-3.0.0-alpha1,2020-04-23,05feb0a0f1fecb6839888bb7590fb92be70d8d3c
openssl-3.0.0-alpha2,2020-05-15,9e8604b891483e2d06bb994460ca18b93011fdde
openssl-3.0.0-alpha3,2020-06-04,3952c5a312bde6479578dcbc162ec6ce77318924
openssl-3.0.0-alpha4,2020-06-25,38778b78e02e7eb721880ee9e33e0c398e1e677f
openssl-3.0.0-alpha5,2020-07-16,e70a2d9f139e69f0f8a0846a170623256e424dea
openssl-3.0.0-alpha6,2020-08-06,e3ec8020b433f9bccebb547889e43c4691eb8713
openssl-3.0.0-alpha7,2020-10-15,f9a5682e5c0fbf8b17319d71b0040dba9f8b46ee
openssl-3.0.0-alpha8,2020-11-05,20d7295cb0529882306c370f5dd895f412bbf59b
openssl-3.0.0-alpha9,2020-11-26,68ec3d4730a52d32edb35cb602f6580f27d64e8b
openssl-3.0.0-alpha10,2021-01-07,cae118f9382c3790359b3ff050d6e01c11579a7f
openssl-3.0.0-alpha11,2021-01-28,31a89254d8225bab5c33be88e08296786da6af6a
openssl-3.0.0-alpha12,2021-02-18,b467d394eb11ac94500d9f003426f5fa75d60c3c
openssl-3.0.0-alpha13,2021-03-11,88df2c0b3d6162971304c06a240deb9320c9ae67
openssl-3.0.0-alpha14,2021-04-08,f510d614a7e981cbf69f11ae186c97d3fa00dda9
openssl-3.0.0-alpha15,2021-04-22,b07412ef80ebbcdb8ce2c9fbf714802288fc7ee4
openssl-3.0.0-alpha16,2021-05-06,d0c041b13ad12c2c689313c607e2c001f3d5a1b7
openssl-3.0.0-alpha17,2021-05-20,036f8e71e39a9005cf55cd1f832dd7aafc06ae84
openssl-3.0.0-beta1,2021-06-17,f9bfdc3aa979eb32d4b8341999473f2ad202d889
openssl-3.0.0-beta2,2021-07-29,9f551541e84eead1d42604b7d5e61885e8e34be0
openssl-3.0.0,2021-09-07,89cd17a031e022211684eb7eb41190cf1910f9fa
openssl-3.0.1,2021-12-14,b4e83ed7cd99c12d27e0e220c3afa1745a68f921
openssl-3.0.2,2022-03-15,1bf649b5998ac98511203f54ce954eccfaf75467
openssl-3.0.3,2022-05-03,4d346a188c27bdf78aa76590c641e1217732ca4b
openssl-3.0.4,2022-06-21,54f5fca0d0b15f912e7355a378976cbff12d58fc
openssl-3.0.5,2022-07-05,ad4910fad22d57c6d685b0ca83bdb7b2bf69d8fd
openssl-3.0.6,2022-10-11,75a6bc17f32505421a78476a972d4d9b74f303b6
openssl-3.0.7,2022-11-01,19cc035b6c6f2283573d29c7ea7f7d675cf750ce
openssl-3.0.8,2023-02-07,31157bc0b46e04227b8468d3e6915e4d0332777c
openssl-3.0.9,2023-05-30,de90e54bbe82e5be4fb9608b6f5c308bb837d355
openssl-3.0.10,2023-08-01,245cb0291e0db99d9ccf3692fa76f440b2b054c2
openssl-3.0.11,2023-09-19,6ba3884c3235e1bb474b379026087f8216afacf4
openssl-3.0.12,2023-10-24,c3cc0f1386b0544383a61244a4beeb762b67498f
openssl-3.0.13,2024-01-30,85cf92f55d9e2ac5aacf92bedd33fb890b9f8b4c
openssl-3.0.14,2024-06-04,9cff14fd97814baf8a9a07d8447960a64d616ada
openssl-3.0.15,2024-09-03,c523121f902fde2929909dc7f76b13ceb4961efe
openssl-3.0.16,2025-02-11,fa1e5dfb142bb1c26c3c38a10aafa7a095df52e5
openssl-3.1.0-alpha1,2022-12-01,21037dfc280dda16028f90a820e2dc227f177f55
openssl-3.1.0-beta1,2022-12-21,84ae1c1fb94e28fe1eff8e3e3cfca62c01bbcd19
openssl-3.1.0,2023-03-14,a92271e03a8d0dee507b6f1e7f49512568b2c7ad
openssl-3.1.1,2023-05-30,2cf4e90eaaf7402bf038b158dbdacd0a15561fb7
openssl-3.1.2,2023-08-01,17a2c5111864d8e016c5f2d29c40a3746b559e9d
openssl-3.1.3,2023-09-19,7b649c73a2b99b52d45fc0600ee1ecf156113deb
openssl-3.1.4,2023-10-24,01d5e2318405362b4de5e670c90d9b40a351d053
openssl-3.1.5,2024-01-30,99e6624ebb8a5943ab9699ed4ab221e8b29a31dd
openssl-3.1.6,2024-06-04,8ffa005476942fc89d247448f95077c104efadf1
openssl-3.1.7,2024-09-03,3c6a7a1c3b88d9afaf2828cff7adefba27b52493
openssl-3.1.8,2025-02-11,77e6daafbad639584e1e4877172b3f9a777966dd
openssl-3.2.0-alpha1,2023-09-07,6262ff748fe7e3487c86d6feeebd92f61c9ae76a
openssl-3.2.0-alpha2,2023-09-28,1e6b4baf546f46211e4f5c389c961d9878bbd198
openssl-3.2.0-beta1,2023-10-26,26ecab1fd7fa7f5103ac57ef41ee0dd38fbe2ddc
openssl-3.2.0,2023-11-23,cf2877791ce7508684109664f467c9e40987692f
openssl-3.2.1,2024-01-30,a7e992847de83aa36be0c399c89db3fb827b0be2
openssl-3.2.2,2024-06-04,cd1e967483577ec4a42ebe75942894c10655e2b6
openssl-3.2.3,2024-09-03,45fda76bc1b9fd74d10e85e0ce9b65a12dcc58b0
openssl-3.2.4,2025-02-11,8ac4271233ecec5aa0468a5e7ae38dd642ebf365
openssl-3.3.0-alpha1,2024-03-20,9010cc0eeec6c80cc04ce09985bdcc69f4b8317b
openssl-3.3.0-beta1,2024-03-29,5bf7b7975f342032883ebf4cf2302870337c2fb3
openssl-3.3.0,2024-04-09,4cb31128b5790819dfeea2739fbde265f71a10a2
openssl-3.3.1,2024-06-04,db2ac4f6ebd8f3d7b2a60882992fbea1269114e2
openssl-3.3.2,2024-09-03,fb7fab9fa6f4869eaa8fbb97e0d593159f03ffe4
openssl-3.3.3,2025-02-11,42768eafab40d3e2f0851caa84aa9801139c74ab
openssl-3.4.0-alpha1,2024-09-05,2648f68f4c33b1a5b89ed6ba20051d7c5e7f8f0e
openssl-3.4.0-beta1,2024-10-07,ec6991fce08711b4c1737474d4ef1cd4c784fa47
openssl-3.4.0,2024-10-22,98acb6b02839c609ef5b837794e08d906d965335
openssl-3.4.1,2025-02-11,a26d85337dbdcd33c971f38eb3fa5150e75cea87
openssl-3.5.0-alpha1,2025-03-12,8fabfd81094d1d9f8890df4bee083aa6f77d769d
openssl-3.5.0-beta1,2025-03-25,0c6656a7a31492ddd61e3d0d8b0e66645f4b2d6f
openssl-3.5.0,2025-04-08,636dfadc70ce26f2473870570bfd9ec352806b1d
rsaref,2000-11-07,9d98df23f38afa21e159d910335b49fb196206e8
