CVE,funcname,succeed,tp,tn,fp,fn,precision,recall,f1_score,false_positive,false_negative,failed_versions,func_not_found,target,no_sig
CVE-2012-5134,xmlParseAttValueComplex,0,0,0,0,0,0.0000,0.0000,0.0000,,,2.9.0;2.8.0;2.8.0-rc2;2.9.1;2.9.2-rc1;2.9.2-rc2,,6,
CVE-2013-0338,xmlParserEntityCheck,6,3,3,0,0,1.0000,1.0000,1.0000,,,,,6,
CVE-2013-0339,xmlParseReference__internal_alias,0,0,0,0,0,0.0000,0.0000,0.0000,,,,,6,true
CVE-2013-1969,htmlParseChunk__internal_alias,0,0,0,0,0,0.0000,0.0000,0.0000,,,,,4,true
CVE-2014-3660,xmlParseReference__internal_alias,0,0,0,0,0,0.0000,0.0000,0.0000,,,,,6,true
CVE-2015-5312,xmlStringLenDecodeEntities__internal_alias,0,0,0,0,0,0.0000,0.0000,0.0000,,,,,6,true
CVE-2015-7497,xmlDictComputeFastQKey,6,3,3,0,0,1.0000,1.0000,1.0000,,,,,6,
CVE-2015-7498,xmlParseXMLDecl__internal_alias,0,0,0,0,0,0.0000,0.0000,0.0000,,,,,6,true
CVE-2015-7498,xmlParseDocument__internal_alias,0,0,0,0,0,0.0000,0.0000,0.0000,,,,,6,true
CVE-2015-7498,xmlSwitchEncoding__internal_alias,0,0,0,0,0,0.0000,0.0000,0.0000,,,,,6,true
CVE-2015-7499,xmlHaltParser,0,0,0,0,0,0.0000,0.0000,0.0000,,,,,6,true
CVE-2015-7499,xmlStopParser__internal_alias,0,0,0,0,0,0.0000,0.0000,0.0000,,,,,6,true
CVE-2015-7500,xmlParseStartTag2,0,0,0,0,0,0.0000,0.0000,0.0000,,,,,6,true
CVE-2015-7941,xmlParseConditionalSections,1,1,0,3,0,0.2500,1.0000,0.4000,,2.9.3;2.9.4;2.9.5-rc1,,,4,
CVE-2015-8241,xmlParseMarkupDecl__internal_alias,0,0,0,0,0,0.0000,0.0000,0.0000,,,,,6,true
CVE-2015-8242,htmlParseTryOrFinish,0,0,0,0,0,0.0000,0.0000,0.0000,,,,,6,true
CVE-2015-8317,xmlParseEncodingDecl__internal_alias,0,0,0,0,0,0.0000,0.0000,0.0000,,,,,6,true
CVE-2015-8710,htmlParseComment,3,0,3,0,3,0.0000,0.0000,0.0000,2.9.2;2.9.2-rc2;2.9.2-rc1,,,,6,
CVE-2016-1762,xmlParseInternalSubset,0,0,0,0,0,0.0000,0.0000,0.0000,,,2.9.3;2.9.2;2.9.2-rc2;2.9.4;2.9.5-rc1;2.9.5-rc2,,6,
CVE-2016-1833,xmlNextChar__internal_alias,0,0,0,0,0,0.0000,0.0000,0.0000,,,,,6,true
CVE-2016-1834,xmlStrncatNew__internal_alias,0,0,0,0,0,0.0000,0.0000,0.0000,,,,,6,true
CVE-2016-1834,xmlStrncat__internal_alias,0,0,0,0,0,0.0000,0.0000,0.0000,,,,,6,true
CVE-2016-1836,xmlParseNCNameComplex,6,3,3,0,0,1.0000,1.0000,1.0000,,,,,6,
CVE-2016-1837,htmlParseSystemLiteral,0,0,0,0,0,0.0000,0.0000,0.0000,,,,,6,true
CVE-2016-1838,xmlParseEndTag2,3,0,3,0,1,0.0000,0.0000,0.0000,2.9.4,,2.9.3;2.9.2,,6,
CVE-2016-1840,xmlFAParseCharRange,0,0,0,0,0,0.0000,0.0000,0.0000,,,2.9.3;2.9.2;2.9.2-rc2;2.9.5-rc1;2.9.5-rc2;2.9.5,,6,
CVE-2016-4449,xmlStringLenDecodeEntities__internal_alias,0,0,0,0,0,0.0000,0.0000,0.0000,,,,,6,true
CVE-2016-4483,xmlBufAttrSerializeTxtContent,0,0,0,0,0,0.0000,0.0000,0.0000,,,2.9.3;2.9.2;2.9.2-rc2;2.9.5-rc1;2.9.5-rc2;2.9.5,,6,
CVE-2016-4658,xmlXPtrNewCollapsedRange__internal_alias,0,0,0,0,0,0.0000,0.0000,0.0000,,,,,6,true
CVE-2016-4658,xmlXPtrNewRangeNodeObject__internal_alias,0,0,0,0,0,0.0000,0.0000,0.0000,,,,,6,true
CVE-2016-4658,xmlXPtrNewRangeNodes__internal_alias,0,0,0,0,0,0.0000,0.0000,0.0000,,,,,6,true
CVE-2016-4658,xmlXPtrNewRangePoints,0,0,0,0,0,0.0000,0.0000,0.0000,,,,,6,true
CVE-2016-4658,xmlXPtrNewRangePointNode__internal_alias,0,0,0,0,0,0.0000,0.0000,0.0000,,,,,6,true
CVE-2016-4658,xmlXPtrNewRangeNodePoint__internal_alias,0,0,0,0,0,0.0000,0.0000,0.0000,,,,,6,true
CVE-2016-4658,xmlXPtrNewRange__internal_alias,0,0,0,0,0,0.0000,0.0000,0.0000,,,,,6,true
CVE-2016-4658,xmlXPtrNewRangeInternal,0,0,0,0,0,0.0000,0.0000,0.0000,,,,,6,true
CVE-2017-16931,xmlParseNameComplex,3,3,0,3,0,0.5000,1.0000,0.6667,,2.9.5-rc1;2.9.5-rc2;2.9.5,,,6,
CVE-2017-16932,xmlPushInput__internal_alias,0,0,0,0,0,0.0000,0.0000,0.0000,,,,,6,true
CVE-2017-16932,xmlParsePEReference__internal_alias,0,0,0,0,0,0.0000,0.0000,0.0000,,,,,6,true
CVE-2017-5130,xmlReallocLoc__internal_alias,0,0,0,0,0,0.0000,0.0000,0.0000,,,,,6,true
CVE-2017-5130,xmlMallocLoc__internal_alias,0,0,0,0,0,0.0000,0.0000,0.0000,,,,,6,true
CVE-2017-5130,xmlMemStrdupLoc__internal_alias,0,0,0,0,0,0.0000,0.0000,0.0000,,,,,6,true
CVE-2017-7375,xmlParsePEReference__internal_alias,0,0,0,0,0,0.0000,0.0000,0.0000,,,,,6,true
CVE-2018-14404,xmlXPathCompOpEval,3,3,0,3,0,0.5000,1.0000,0.6667,,2.9.9-rc1;2.9.9-rc2;2.9.9,,,6,
CVE-2019-19956,xmlParseBalancedChunkMemoryRecover__internal_alias,0,0,0,0,0,0.0000,0.0000,0.0000,,,,,6,true
CVE-2020-7595,xmlStringLenDecodeEntities,0,0,0,0,0,0.0000,0.0000,0.0000,,,,,4,true
CVE-2022-23308,xmlAddRef__internal_alias,0,0,0,0,0,0.0000,0.0000,0.0000,,,,,6,true
CVE-2022-23308,xmlRemoveID__internal_alias,0,0,0,0,0,0.0000,0.0000,0.0000,,,,,6,true
CVE-2022-23308,xmlAddID__internal_alias,0,0,0,0,0,0.0000,0.0000,0.0000,,,,,6,true
CVE-2022-23308,xmlValidCtxtNormalizeAttributeValue__internal_alias,0,0,0,0,0,0.0000,0.0000,0.0000,,,,,6,true
CVE-2022-23308,xmlValidNormalizeAttributeValue__internal_alias,0,0,0,0,0,0.0000,0.0000,0.0000,,,,,6,true
CVE-2022-23308,xmlIsStreaming,0,0,0,0,0,0.0000,0.0000,0.0000,,,,,6,true
CVE-2022-23308,xmlValidNormalizeString,0,0,0,0,0,0.0000,0.0000,0.0000,,,,,6,true
CVE-2022-29824,xmlBufCreateSize,3,3,0,3,0,0.5000,1.0000,0.6667,,2.10.0;2.10.1;2.10.2,,,6,
CVE-2022-29824,xmlBufResize,3,0,3,0,3,0.0000,0.0000,0.0000,2.9.13;2.9.11;2.9.12,,,,6,
CVE-2022-29824,xmlBufAdd,0,0,0,0,0,0.0000,0.0000,0.0000,,,2.9.13;2.9.11;2.9.12;2.10.0;2.10.1;2.10.2,,6,
CVE-2022-40303,xmlFatalErr,0,0,0,0,0,0.0000,0.0000,0.0000,,,2.10.2;2.10.1;2.10.0;2.10.4;2.11.0;2.11.1,,6,
CVE-2022-40303,xmlParseNameComplex,4,3,1,2,0,0.6000,1.0000,0.7500,,2.11.0;2.11.1,,,6,
CVE-2022-40303,xmlParseName,3,3,0,3,0,0.5000,1.0000,0.6667,,2.10.4;2.11.0;2.11.1,,,6,
CVE-2022-40303,xmlParseNCNameComplex,4,3,1,2,0,0.6000,1.0000,0.7500,,2.11.0;2.11.1,,,6,
CVE-2022-40303,xmlParseNCName,3,3,0,3,0,0.5000,1.0000,0.6667,,2.10.4;2.11.0;2.11.1,,,6,
CVE-2022-40303,xmlParseStringName,3,0,3,0,3,0.0000,0.0000,0.0000,2.10.2;2.10.1;2.10.0,,,,6,
CVE-2022-40303,xmlParseNmtoken,0,0,0,0,0,0.0000,0.0000,0.0000,,,2.10.2;2.10.1;2.10.0;2.10.4;2.11.0;2.11.1,,6,
CVE-2022-40303,xmlParseEntityValue,6,3,3,0,0,1.0000,1.0000,1.0000,,,,,6,
CVE-2022-40303,xmlParseAttValueComplex,3,3,0,3,0,0.5000,1.0000,0.6667,,2.10.4;2.11.0;2.11.1,,,6,
CVE-2022-40303,xmlParseSystemLiteral,3,3,0,3,0,0.5000,1.0000,0.6667,,2.10.4;2.11.0;2.11.1,,,6,
CVE-2022-40303,xmlParsePubidLiteral,3,3,0,3,0,0.5000,1.0000,0.6667,,2.10.4;2.11.0;2.11.1,,,6,
CVE-2022-40303,xmlParseCommentComplex,6,3,3,0,0,1.0000,1.0000,1.0000,,,,,6,
CVE-2022-40303,xmlParseComment,3,0,3,0,3,0.0000,0.0000,0.0000,2.10.2;2.10.1;2.10.0,,,,6,
CVE-2022-40303,xmlParsePI,0,0,0,0,0,0.0000,0.0000,0.0000,,,2.10.2;2.10.1;2.10.0;2.10.4;2.11.0;2.11.1,,6,
CVE-2022-40303,xmlParseAttValueInternal,0,0,0,0,0,0.0000,0.0000,0.0000,,,2.10.2;2.10.1;2.10.0;2.10.4;2.11.0;2.11.1,,6,
CVE-2022-40303,xmlParseCDSect,3,3,0,3,0,0.5000,1.0000,0.6667,,2.10.4;2.11.0;2.11.1,,,6,
CVE-2022-40304,xmlFreeEntity,4,3,1,0,0,1.0000,1.0000,1.0000,,,2.11.0;2.11.1,,6,
CVE-2022-40304,xmlCreateEntity,3,3,0,3,0,0.5000,1.0000,0.6667,,2.10.4;2.11.0;2.11.1,,,6,
CVE-2023-28484,xmlSchemaFixupComplexType,3,0,3,0,3,0.0000,0.0000,0.0000,2.10.3;2.10.2;2.10.1,,,,6,
